Country,Year,number_of_people_in_poverty
Albania,1978,
Albania,1979,
Albania,1980,
Albania,1981,
Albania,1982,
Albania,1983,
Albania,1984,
Albania,1985,
Albania,1986,
Albania,1987,
Albania,1988,
Albania,1989,
Albania,1990,
Albania,1991,
Albania,1992,
Albania,1993,
Albania,1994,
Albania,1995,
Albania,1996,0.00634
Albania,1997,
Albania,1998,
Albania,1999,
Albania,2000,
Albania,2001,
Albania,2002,0.0223
Albania,2003,
Albania,2004,0.016
Albania,2005,0.0132
Albania,2006,
Albania,2007,
Albania,2008,0.00583
Albania,2009,
Albania,2010,
Albania,2011,
Albania,2012,0.0129
Albania,2013,
Algeria,1978,
Algeria,1979,
Algeria,1980,
Algeria,1981,
Algeria,1982,
Algeria,1983,
Algeria,1984,
Algeria,1985,
Algeria,1986,
Algeria,1987,
Algeria,1988,1.77
Algeria,1989,
Algeria,1990,
Algeria,1991,
Algeria,1992,
Algeria,1993,
Algeria,1994,
Algeria,1995,1.87
Algeria,1996,
Algeria,1997,
Algeria,1998,
Algeria,1999,
Algeria,2000,
Algeria,2001,
Algeria,2002,
Algeria,2003,
Algeria,2004,
Algeria,2005,
Algeria,2006,
Algeria,2007,
Algeria,2008,
Algeria,2009,
Algeria,2010,
Algeria,2011,
Algeria,2012,
Algeria,2013,
Angola,1978,
Angola,1979,
Angola,1980,
Angola,1981,
Angola,1982,
Angola,1983,
Angola,1984,
Angola,1985,
Angola,1986,
Angola,1987,
Angola,1988,
Angola,1989,
Angola,1990,
Angola,1991,
Angola,1992,
Angola,1993,
Angola,1994,
Angola,1995,
Angola,1996,
Angola,1997,
Angola,1998,
Angola,1999,
Angola,2000,7.56
Angola,2001,
Angola,2002,
Angola,2003,
Angola,2004,
Angola,2005,
Angola,2006,
Angola,2007,
Angola,2008,
Angola,2009,8.21
Angola,2010,
Angola,2011,
Angola,2012,
Angola,2013,
Argentina,1978,
Argentina,1979,
Argentina,1980,
Argentina,1981,
Argentina,1982,
Argentina,1983,
Argentina,1984,
Argentina,1985,
Argentina,1986,0.0
Argentina,1987,0.0
Argentina,1988,
Argentina,1989,
Argentina,1990,
Argentina,1991,0.321
Argentina,1992,0.593
Argentina,1993,0.696
Argentina,1994,0.664
Argentina,1995,1.35
Argentina,1996,1.51
Argentina,1997,1.35
Argentina,1998,1.44
Argentina,1999,1.53
Argentina,2000,1.87
Argentina,2001,3.08
Argentina,2002,4.73
Argentina,2003,3.42
Argentina,2004,2.41
Argentina,2005,1.79
Argentina,2006,1.47
Argentina,2007,1.18
Argentina,2008,1.09
Argentina,2009,1.07
Argentina,2010,0.6990000000000001
Argentina,2011,0.574
Argentina,2012,
Argentina,2013,
Armenia,1978,
Armenia,1979,
Armenia,1980,
Armenia,1981,
Armenia,1982,
Armenia,1983,
Armenia,1984,
Armenia,1985,
Armenia,1986,
Armenia,1987,
Armenia,1988,
Armenia,1989,
Armenia,1990,
Armenia,1991,
Armenia,1992,
Armenia,1993,
Armenia,1994,
Armenia,1995,
Armenia,1996,0.555
Armenia,1997,
Armenia,1998,
Armenia,1999,0.518
Armenia,2000,
Armenia,2001,0.5760000000000001
Armenia,2002,0.442
Armenia,2003,0.324
Armenia,2004,0.23
Armenia,2005,0.127
Armenia,2006,0.0952
Armenia,2007,0.10099999999999999
Armenia,2008,0.042
Armenia,2009,0.0463
Armenia,2010,0.0741
Armenia,2011,0.0726
Armenia,2012,0.052000000000000005
Armenia,2013,
Australia,1978,
Australia,1979,
Australia,1980,
Australia,1981,0.1
Australia,1982,
Australia,1983,
Australia,1984,
Australia,1985,0.106
Australia,1986,
Australia,1987,
Australia,1988,
Australia,1989,0.114
Australia,1990,
Australia,1991,
Australia,1992,
Australia,1993,
Australia,1994,
Australia,1995,0.242
Australia,1996,
Australia,1997,
Australia,1998,
Australia,1999,
Australia,2000,
Australia,2001,0.262
Australia,2002,
Australia,2003,0.271
Australia,2004,
Australia,2005,
Australia,2006,
Australia,2007,
Australia,2008,
Australia,2009,
Australia,2010,
Australia,2011,
Australia,2012,
Australia,2013,
Austria,1978,
Austria,1979,
Austria,1980,
Austria,1981,
Austria,1982,
Austria,1983,
Austria,1984,
Austria,1985,
Austria,1986,
Austria,1987,0.0
Austria,1988,
Austria,1989,
Austria,1990,
Austria,1991,
Austria,1992,
Austria,1993,
Austria,1994,0.0317
Austria,1995,0.0795
Austria,1996,
Austria,1997,0.0271
Austria,1998,
Austria,1999,
Austria,2000,0.0321
Austria,2001,
Austria,2002,
Austria,2003,
Austria,2004,0.0278
Austria,2005,
Austria,2006,
Austria,2007,
Austria,2008,
Austria,2009,
Austria,2010,
Austria,2011,
Austria,2012,
Austria,2013,
Azerbaijan,1978,
Azerbaijan,1979,
Azerbaijan,1980,
Azerbaijan,1981,
Azerbaijan,1982,
Azerbaijan,1983,
Azerbaijan,1984,
Azerbaijan,1985,
Azerbaijan,1986,
Azerbaijan,1987,
Azerbaijan,1988,
Azerbaijan,1989,
Azerbaijan,1990,
Azerbaijan,1991,
Azerbaijan,1992,
Azerbaijan,1993,
Azerbaijan,1994,
Azerbaijan,1995,1.94
Azerbaijan,1996,
Azerbaijan,1997,
Azerbaijan,1998,
Azerbaijan,1999,
Azerbaijan,2000,
Azerbaijan,2001,0.509
Azerbaijan,2002,0.0016300000000000002
Azerbaijan,2003,0.00329
Azerbaijan,2004,0.0
Azerbaijan,2005,0.0
Azerbaijan,2006,
Azerbaijan,2007,
Azerbaijan,2008,0.0272
Azerbaijan,2009,
Azerbaijan,2010,
Azerbaijan,2011,
Azerbaijan,2012,
Azerbaijan,2013,
Bangladesh,1978,
Bangladesh,1979,
Bangladesh,1980,
Bangladesh,1981,
Bangladesh,1982,
Bangladesh,1983,
Bangladesh,1984,63.9
Bangladesh,1985,
Bangladesh,1986,62.3
Bangladesh,1987,
Bangladesh,1988,
Bangladesh,1989,75.0
Bangladesh,1990,
Bangladesh,1991,
Bangladesh,1992,79.0
Bangladesh,1993,
Bangladesh,1994,
Bangladesh,1995,
Bangladesh,1996,74.5
Bangladesh,1997,
Bangladesh,1998,
Bangladesh,1999,
Bangladesh,2000,77.6
Bangladesh,2001,
Bangladesh,2002,
Bangladesh,2003,
Bangladesh,2004,
Bangladesh,2005,72.2
Bangladesh,2006,
Bangladesh,2007,
Bangladesh,2008,
Bangladesh,2009,
Bangladesh,2010,65.4
Bangladesh,2011,
Bangladesh,2012,
Bangladesh,2013,
Belarus,1978,
Belarus,1979,
Belarus,1980,
Belarus,1981,
Belarus,1982,
Belarus,1983,
Belarus,1984,
Belarus,1985,
Belarus,1986,
Belarus,1987,
Belarus,1988,0.00811
Belarus,1989,
Belarus,1990,
Belarus,1991,
Belarus,1992,
Belarus,1993,0.00205
Belarus,1994,
Belarus,1995,0.0367
Belarus,1996,
Belarus,1997,
Belarus,1998,0.0846
Belarus,1999,0.0381
Belarus,2000,0.026000000000000002
Belarus,2001,0.0119
Belarus,2002,0.0464
Belarus,2003,0.049
Belarus,2004,0.00584
Belarus,2005,0.0058
Belarus,2006,0.0048
Belarus,2007,0.0
Belarus,2008,0.0
Belarus,2009,0.00095
Belarus,2010,0.0
Belarus,2011,0.0
Belarus,2012,
Belarus,2013,
Belgium,1978,
Belgium,1979,
Belgium,1980,
Belgium,1981,
Belgium,1982,
Belgium,1983,
Belgium,1984,
Belgium,1985,0.0355
Belgium,1986,
Belgium,1987,
Belgium,1988,0.0663
Belgium,1989,
Belgium,1990,
Belgium,1991,
Belgium,1992,0.0834
Belgium,1993,
Belgium,1994,
Belgium,1995,0.0355
Belgium,1996,
Belgium,1997,0.0356
Belgium,1998,
Belgium,1999,
Belgium,2000,0.0513
Belgium,2001,
Belgium,2002,
Belgium,2003,
Belgium,2004,
Belgium,2005,
Belgium,2006,
Belgium,2007,
Belgium,2008,
Belgium,2009,
Belgium,2010,
Belgium,2011,
Belgium,2012,
Belgium,2013,
Belize,1978,
Belize,1979,
Belize,1980,
Belize,1981,
Belize,1982,
Belize,1983,
Belize,1984,
Belize,1985,
Belize,1986,
Belize,1987,
Belize,1988,
Belize,1989,
Belize,1990,
Belize,1991,
Belize,1992,
Belize,1993,0.018000000000000002
Belize,1994,0.0181
Belize,1995,0.028999999999999998
Belize,1996,0.0205
Belize,1997,0.0272
Belize,1998,0.0255
Belize,1999,0.0283
Belize,2000,
Belize,2001,
Belize,2002,
Belize,2003,
Belize,2004,
Belize,2005,
Belize,2006,
Belize,2007,
Belize,2008,
Belize,2009,
Belize,2010,
Belize,2011,
Belize,2012,
Belize,2013,
Benin,1978,
Benin,1979,
Benin,1980,
Benin,1981,
Benin,1982,
Benin,1983,
Benin,1984,
Benin,1985,
Benin,1986,
Benin,1987,
Benin,1988,
Benin,1989,
Benin,1990,
Benin,1991,
Benin,1992,
Benin,1993,
Benin,1994,
Benin,1995,
Benin,1996,
Benin,1997,
Benin,1998,
Benin,1999,
Benin,2000,
Benin,2001,
Benin,2002,
Benin,2003,3.63
Benin,2004,
Benin,2005,
Benin,2006,
Benin,2007,
Benin,2008,
Benin,2009,
Benin,2010,
Benin,2011,
Benin,2012,5.19
Benin,2013,
Bhutan,1978,
Bhutan,1979,
Bhutan,1980,
Bhutan,1981,
Bhutan,1982,
Bhutan,1983,
Bhutan,1984,
Bhutan,1985,
Bhutan,1986,
Bhutan,1987,
Bhutan,1988,
Bhutan,1989,
Bhutan,1990,
Bhutan,1991,
Bhutan,1992,
Bhutan,1993,
Bhutan,1994,
Bhutan,1995,
Bhutan,1996,
Bhutan,1997,
Bhutan,1998,
Bhutan,1999,
Bhutan,2000,
Bhutan,2001,
Bhutan,2002,
Bhutan,2003,0.14800000000000002
Bhutan,2004,
Bhutan,2005,
Bhutan,2006,
Bhutan,2007,0.0694
Bhutan,2008,
Bhutan,2009,
Bhutan,2010,
Bhutan,2011,
Bhutan,2012,0.0177
Bhutan,2013,
Bolivia,1978,
Bolivia,1979,
Bolivia,1980,
Bolivia,1981,
Bolivia,1982,
Bolivia,1983,
Bolivia,1984,
Bolivia,1985,
Bolivia,1986,
Bolivia,1987,
Bolivia,1988,
Bolivia,1989,
Bolivia,1990,
Bolivia,1991,0.364
Bolivia,1992,
Bolivia,1993,0.621
Bolivia,1994,
Bolivia,1995,
Bolivia,1996,
Bolivia,1997,1.35
Bolivia,1998,
Bolivia,1999,1.94
Bolivia,2000,2.28
Bolivia,2001,1.85
Bolivia,2002,1.94
Bolivia,2003,
Bolivia,2004,1.07
Bolivia,2005,1.71
Bolivia,2006,1.51
Bolivia,2007,1.18
Bolivia,2008,1.03
Bolivia,2009,1.07
Bolivia,2010,
Bolivia,2011,0.72
Bolivia,2012,0.838
Bolivia,2013,
Bosnia and Herzegovina,1978,
Bosnia and Herzegovina,1979,
Bosnia and Herzegovina,1980,
Bosnia and Herzegovina,1981,
Bosnia and Herzegovina,1982,
Bosnia and Herzegovina,1983,
Bosnia and Herzegovina,1984,
Bosnia and Herzegovina,1985,
Bosnia and Herzegovina,1986,
Bosnia and Herzegovina,1987,
Bosnia and Herzegovina,1988,
Bosnia and Herzegovina,1989,
Bosnia and Herzegovina,1990,
Bosnia and Herzegovina,1991,
Bosnia and Herzegovina,1992,
Bosnia and Herzegovina,1993,
Bosnia and Herzegovina,1994,
Bosnia and Herzegovina,1995,
Bosnia and Herzegovina,1996,
Bosnia and Herzegovina,1997,
Bosnia and Herzegovina,1998,
Bosnia and Herzegovina,1999,
Bosnia and Herzegovina,2000,
Bosnia and Herzegovina,2001,0.0109
Bosnia and Herzegovina,2002,
Bosnia and Herzegovina,2003,
Bosnia and Herzegovina,2004,0.00389
Bosnia and Herzegovina,2005,
Bosnia and Herzegovina,2006,
Bosnia and Herzegovina,2007,0.00155
Bosnia and Herzegovina,2008,
Bosnia and Herzegovina,2009,
Bosnia and Herzegovina,2010,
Bosnia and Herzegovina,2011,
Bosnia and Herzegovina,2012,
Bosnia and Herzegovina,2013,
Botswana,1978,
Botswana,1979,
Botswana,1980,
Botswana,1981,
Botswana,1982,
Botswana,1983,
Botswana,1984,
Botswana,1985,
Botswana,1986,0.436
Botswana,1987,
Botswana,1988,
Botswana,1989,
Botswana,1990,
Botswana,1991,
Botswana,1992,
Botswana,1993,
Botswana,1994,0.48200000000000004
Botswana,1995,
Botswana,1996,
Botswana,1997,
Botswana,1998,
Botswana,1999,
Botswana,2000,
Botswana,2001,
Botswana,2002,
Botswana,2003,0.446
Botswana,2004,
Botswana,2005,
Botswana,2006,
Botswana,2007,
Botswana,2008,
Botswana,2009,0.262
Botswana,2010,
Botswana,2011,
Botswana,2012,
Botswana,2013,
Brazil,1978,
Brazil,1979,
Brazil,1980,
Brazil,1981,17.0
Brazil,1982,17.4
Brazil,1983,21.7
Brazil,1984,20.7
Brazil,1985,18.4
Brazil,1986,13.5
Brazil,1987,19.3
Brazil,1988,21.2
Brazil,1989,20.2
Brazil,1990,24.3
Brazil,1991,
Brazil,1992,25.8
Brazil,1993,24.9
Brazil,1994,
Brazil,1995,16.1
Brazil,1996,18.4
Brazil,1997,18.2
Brazil,1998,16.2
Brazil,1999,17.0
Brazil,2000,
Brazil,2001,18.1
Brazil,2002,15.9
Brazil,2003,17.5
Brazil,2004,15.0
Brazil,2005,13.4
Brazil,2006,11.2
Brazil,2007,11.1
Brazil,2008,9.34
Brazil,2009,9.13
Brazil,2010,
Brazil,2011,8.92
Brazil,2012,7.45
Brazil,2013,
Bulgaria,1978,
Bulgaria,1979,
Bulgaria,1980,
Bulgaria,1981,
Bulgaria,1982,
Bulgaria,1983,
Bulgaria,1984,
Bulgaria,1985,
Bulgaria,1986,
Bulgaria,1987,
Bulgaria,1988,
Bulgaria,1989,0.00355
Bulgaria,1990,
Bulgaria,1991,
Bulgaria,1992,0.0
Bulgaria,1993,
Bulgaria,1994,0.0186
Bulgaria,1995,0.0689
Bulgaria,1996,
Bulgaria,1997,0.0266
Bulgaria,1998,
Bulgaria,1999,
Bulgaria,2000,
Bulgaria,2001,0.17
Bulgaria,2002,
Bulgaria,2003,0.0485
Bulgaria,2004,
Bulgaria,2005,
Bulgaria,2006,
Bulgaria,2007,0.0196
Bulgaria,2008,0.0547
Bulgaria,2009,
Bulgaria,2010,0.121
Bulgaria,2011,0.14
Bulgaria,2012,
Bulgaria,2013,
Burkina Faso,1978,
Burkina Faso,1979,
Burkina Faso,1980,
Burkina Faso,1981,
Burkina Faso,1982,
Burkina Faso,1983,
Burkina Faso,1984,
Burkina Faso,1985,
Burkina Faso,1986,
Burkina Faso,1987,
Burkina Faso,1988,
Burkina Faso,1989,
Burkina Faso,1990,
Burkina Faso,1991,
Burkina Faso,1992,
Burkina Faso,1993,
Burkina Faso,1994,6.99
Burkina Faso,1995,
Burkina Faso,1996,
Burkina Faso,1997,
Burkina Faso,1998,7.68
Burkina Faso,1999,
Burkina Faso,2000,
Burkina Faso,2001,
Burkina Faso,2002,
Burkina Faso,2003,6.19
Burkina Faso,2004,
Burkina Faso,2005,
Burkina Faso,2006,
Burkina Faso,2007,
Burkina Faso,2008,
Burkina Faso,2009,6.71
Burkina Faso,2010,
Burkina Faso,2011,
Burkina Faso,2012,
Burkina Faso,2013,
Burundi,1978,
Burundi,1979,
Burundi,1980,
Burundi,1981,
Burundi,1982,
Burundi,1983,
Burundi,1984,
Burundi,1985,
Burundi,1986,
Burundi,1987,
Burundi,1988,
Burundi,1989,
Burundi,1990,
Burundi,1991,
Burundi,1992,4.96
Burundi,1993,
Burundi,1994,
Burundi,1995,
Burundi,1996,
Burundi,1997,
Burundi,1998,5.57
Burundi,1999,
Burundi,2000,
Burundi,2001,
Burundi,2002,
Burundi,2003,
Burundi,2004,
Burundi,2005,
Burundi,2006,6.54
Burundi,2007,
Burundi,2008,
Burundi,2009,
Burundi,2010,
Burundi,2011,
Burundi,2012,
Burundi,2013,
Cambodia,1978,
Cambodia,1979,
Cambodia,1980,
Cambodia,1981,
Cambodia,1982,
Cambodia,1983,
Cambodia,1984,
Cambodia,1985,
Cambodia,1986,
Cambodia,1987,
Cambodia,1988,
Cambodia,1989,
Cambodia,1990,
Cambodia,1991,
Cambodia,1992,
Cambodia,1993,
Cambodia,1994,4.64
Cambodia,1995,
Cambodia,1996,
Cambodia,1997,
Cambodia,1998,
Cambodia,1999,
Cambodia,2000,
Cambodia,2001,
Cambodia,2002,
Cambodia,2003,
Cambodia,2004,4.31
Cambodia,2005,
Cambodia,2006,
Cambodia,2007,4.24
Cambodia,2008,2.91
Cambodia,2009,1.83
Cambodia,2010,1.62
Cambodia,2011,1.47
Cambodia,2012,
Cambodia,2013,
Cameroon,1978,
Cameroon,1979,
Cameroon,1980,
Cameroon,1981,
Cameroon,1982,
Cameroon,1983,
Cameroon,1984,
Cameroon,1985,
Cameroon,1986,
Cameroon,1987,
Cameroon,1988,
Cameroon,1989,
Cameroon,1990,
Cameroon,1991,
Cameroon,1992,
Cameroon,1993,
Cameroon,1994,
Cameroon,1995,
Cameroon,1996,6.79
Cameroon,1997,
Cameroon,1998,
Cameroon,1999,
Cameroon,2000,
Cameroon,2001,4.07
Cameroon,2002,
Cameroon,2003,
Cameroon,2004,
Cameroon,2005,
Cameroon,2006,
Cameroon,2007,5.27
Cameroon,2008,
Cameroon,2009,
Cameroon,2010,
Cameroon,2011,
Cameroon,2012,
Cameroon,2013,
Canada,1978,
Canada,1979,
Canada,1980,
Canada,1981,0.16899999999999998
Canada,1982,
Canada,1983,
Canada,1984,
Canada,1985,
Canada,1986,
Canada,1987,0.0982
Canada,1988,
Canada,1989,
Canada,1990,
Canada,1991,0.09300000000000001
Canada,1992,
Canada,1993,
Canada,1994,0.0961
Canada,1995,
Canada,1996,
Canada,1997,0.10800000000000001
Canada,1998,0.20600000000000002
Canada,1999,
Canada,2000,0.105
Canada,2001,
Canada,2002,
Canada,2003,
Canada,2004,0.109
Canada,2005,
Canada,2006,
Canada,2007,0.11199999999999999
Canada,2008,
Canada,2009,
Canada,2010,0.11599999999999999
Canada,2011,
Canada,2012,
Canada,2013,
Cape Verde,1978,
Cape Verde,1979,
Cape Verde,1980,
Cape Verde,1981,
Cape Verde,1982,
Cape Verde,1983,
Cape Verde,1984,
Cape Verde,1985,
Cape Verde,1986,
Cape Verde,1987,
Cape Verde,1988,
Cape Verde,1989,
Cape Verde,1990,
Cape Verde,1991,
Cape Verde,1992,
Cape Verde,1993,
Cape Verde,1994,
Cape Verde,1995,
Cape Verde,1996,
Cape Verde,1997,
Cape Verde,1998,
Cape Verde,1999,
Cape Verde,2000,
Cape Verde,2001,
Cape Verde,2002,0.0965
Cape Verde,2003,
Cape Verde,2004,
Cape Verde,2005,
Cape Verde,2006,
Cape Verde,2007,
Cape Verde,2008,0.0665
Cape Verde,2009,
Cape Verde,2010,
Cape Verde,2011,
Cape Verde,2012,
Cape Verde,2013,
Central African Republic,1978,
Central African Republic,1979,
Central African Republic,1980,
Central African Republic,1981,
Central African Republic,1982,
Central African Republic,1983,
Central African Republic,1984,
Central African Republic,1985,
Central African Republic,1986,
Central African Republic,1987,
Central African Republic,1988,
Central African Republic,1989,
Central African Republic,1990,
Central African Republic,1991,
Central African Republic,1992,2.54
Central African Republic,1993,
Central African Republic,1994,
Central African Republic,1995,
Central African Republic,1996,
Central African Republic,1997,
Central African Republic,1998,
Central African Republic,1999,
Central African Republic,2000,
Central African Republic,2001,
Central African Republic,2002,
Central African Republic,2003,2.39
Central African Republic,2004,
Central African Republic,2005,
Central African Republic,2006,
Central African Republic,2007,
Central African Republic,2008,2.63
Central African Republic,2009,
Central African Republic,2010,
Central African Republic,2011,
Central African Republic,2012,
Central African Republic,2013,
Chad,1978,
Chad,1979,
Chad,1980,
Chad,1981,
Chad,1982,
Chad,1983,
Chad,1984,
Chad,1985,
Chad,1986,
Chad,1987,
Chad,1988,
Chad,1989,
Chad,1990,
Chad,1991,
Chad,1992,
Chad,1993,
Chad,1994,
Chad,1995,
Chad,1996,
Chad,1997,
Chad,1998,
Chad,1999,
Chad,2000,
Chad,2001,
Chad,2002,
Chad,2003,5.77
Chad,2004,
Chad,2005,
Chad,2006,
Chad,2007,
Chad,2008,
Chad,2009,
Chad,2010,
Chad,2011,4.41
Chad,2012,
Chad,2013,
Chile,1978,
Chile,1979,
Chile,1980,
Chile,1981,
Chile,1982,
Chile,1983,
Chile,1984,
Chile,1985,
Chile,1986,
Chile,1987,0.727
Chile,1988,
Chile,1989,
Chile,1990,0.649
Chile,1991,
Chile,1992,0.376
Chile,1993,
Chile,1994,0.433
Chile,1995,
Chile,1996,0.32299999999999995
Chile,1997,
Chile,1998,0.35
Chile,1999,
Chile,2000,0.33399999999999996
Chile,2001,
Chile,2002,
Chile,2003,0.27699999999999997
Chile,2004,
Chile,2005,
Chile,2006,0.177
Chile,2007,
Chile,2008,
Chile,2009,0.217
Chile,2010,
Chile,2011,0.14400000000000002
Chile,2012,
Chile,2013,
China,1978,
China,1979,
China,1980,
China,1981,838.0
China,1982,
China,1983,
China,1984,720.0
China,1985,
China,1986,
China,1987,585.0
China,1988,
China,1989,
China,1990,689.0
China,1991,
China,1992,
China,1993,646.0
China,1994,
China,1995,
China,1996,455.0
China,1997,
China,1998,
China,1999,451.0
China,2000,
China,2001,
China,2002,359.0
China,2003,
China,2004,
China,2005,206.0
China,2006,
China,2007,
China,2008,164.0
China,2009,
China,2010,123.0
China,2011,84.1
China,2012,
China,2013,
Colombia,1978,
Colombia,1979,
Colombia,1980,4.16
Colombia,1981,
Colombia,1982,
Colombia,1983,
Colombia,1984,
Colombia,1985,
Colombia,1986,
Colombia,1987,
Colombia,1988,3.42
Colombia,1989,2.64
Colombia,1990,
Colombia,1991,2.78
Colombia,1992,2.18
Colombia,1993,
Colombia,1994,
Colombia,1995,
Colombia,1996,4.84
Colombia,1997,
Colombia,1998,
Colombia,1999,6.35
Colombia,2000,7.12
Colombia,2001,7.24
Colombia,2002,4.59
Colombia,2003,4.33
Colombia,2004,3.83
Colombia,2005,3.4
Colombia,2006,4.84
Colombia,2007,3.93
Colombia,2008,3.84
Colombia,2009,3.33
Colombia,2010,2.87
Colombia,2011,2.33
Colombia,2012,2.69
Colombia,2013,
Comoros,1978,
Comoros,1979,
Comoros,1980,
Comoros,1981,
Comoros,1982,
Comoros,1983,
Comoros,1984,
Comoros,1985,
Comoros,1986,
Comoros,1987,
Comoros,1988,
Comoros,1989,
Comoros,1990,
Comoros,1991,
Comoros,1992,
Comoros,1993,
Comoros,1994,
Comoros,1995,
Comoros,1996,
Comoros,1997,
Comoros,1998,
Comoros,1999,
Comoros,2000,
Comoros,2001,
Comoros,2002,
Comoros,2003,
Comoros,2004,0.27
Comoros,2005,
Comoros,2006,
Comoros,2007,
Comoros,2008,
Comoros,2009,
Comoros,2010,
Comoros,2011,
Comoros,2012,
Comoros,2013,
"Congo, Dem. Rep.",1978,
"Congo, Dem. Rep.",1979,
"Congo, Dem. Rep.",1980,
"Congo, Dem. Rep.",1981,
"Congo, Dem. Rep.",1982,
"Congo, Dem. Rep.",1983,
"Congo, Dem. Rep.",1984,
"Congo, Dem. Rep.",1985,
"Congo, Dem. Rep.",1986,
"Congo, Dem. Rep.",1987,
"Congo, Dem. Rep.",1988,
"Congo, Dem. Rep.",1989,
"Congo, Dem. Rep.",1990,
"Congo, Dem. Rep.",1991,
"Congo, Dem. Rep.",1992,
"Congo, Dem. Rep.",1993,
"Congo, Dem. Rep.",1994,
"Congo, Dem. Rep.",1995,
"Congo, Dem. Rep.",1996,
"Congo, Dem. Rep.",1997,
"Congo, Dem. Rep.",1998,
"Congo, Dem. Rep.",1999,
"Congo, Dem. Rep.",2000,
"Congo, Dem. Rep.",2001,
"Congo, Dem. Rep.",2002,
"Congo, Dem. Rep.",2003,
"Congo, Dem. Rep.",2004,
"Congo, Dem. Rep.",2005,
"Congo, Dem. Rep.",2006,48.8
"Congo, Dem. Rep.",2007,
"Congo, Dem. Rep.",2008,
"Congo, Dem. Rep.",2009,
"Congo, Dem. Rep.",2010,
"Congo, Dem. Rep.",2011,
"Congo, Dem. Rep.",2012,
"Congo, Dem. Rep.",2013,
"Congo, Rep.",1978,
"Congo, Rep.",1979,
"Congo, Rep.",1980,
"Congo, Rep.",1981,
"Congo, Rep.",1982,
"Congo, Rep.",1983,
"Congo, Rep.",1984,
"Congo, Rep.",1985,
"Congo, Rep.",1986,
"Congo, Rep.",1987,
"Congo, Rep.",1988,
"Congo, Rep.",1989,
"Congo, Rep.",1990,
"Congo, Rep.",1991,
"Congo, Rep.",1992,
"Congo, Rep.",1993,
"Congo, Rep.",1994,
"Congo, Rep.",1995,
"Congo, Rep.",1996,
"Congo, Rep.",1997,
"Congo, Rep.",1998,
"Congo, Rep.",1999,
"Congo, Rep.",2000,
"Congo, Rep.",2001,
"Congo, Rep.",2002,
"Congo, Rep.",2003,
"Congo, Rep.",2004,
"Congo, Rep.",2005,1.92
"Congo, Rep.",2006,
"Congo, Rep.",2007,
"Congo, Rep.",2008,
"Congo, Rep.",2009,
"Congo, Rep.",2010,
"Congo, Rep.",2011,1.39
"Congo, Rep.",2012,
"Congo, Rep.",2013,
Costa Rica,1978,
Costa Rica,1979,
Costa Rica,1980,
Costa Rica,1981,0.275
Costa Rica,1982,
Costa Rica,1983,
Costa Rica,1984,
Costa Rica,1985,
Costa Rica,1986,0.158
Costa Rica,1987,
Costa Rica,1988,
Costa Rica,1989,0.318
Costa Rica,1990,0.26
Costa Rica,1991,0.306
Costa Rica,1992,0.263
Costa Rica,1993,0.228
Costa Rica,1994,0.195
Costa Rica,1995,0.209
Costa Rica,1996,0.25
Costa Rica,1997,0.19399999999999998
Costa Rica,1998,0.158
Costa Rica,1999,0.209
Costa Rica,2000,0.218
Costa Rica,2001,0.221
Costa Rica,2002,0.225
Costa Rica,2003,0.225
Costa Rica,2004,0.20600000000000002
Costa Rica,2005,0.154
Costa Rica,2006,0.163
Costa Rica,2007,0.0919
Costa Rica,2008,0.10300000000000001
Costa Rica,2009,0.132
Costa Rica,2010,0.0593
Costa Rica,2011,0.0644
Costa Rica,2012,0.0649
Costa Rica,2013,
Cote d'Ivoire,1978,
Cote d'Ivoire,1979,
Cote d'Ivoire,1980,
Cote d'Ivoire,1981,
Cote d'Ivoire,1982,
Cote d'Ivoire,1983,
Cote d'Ivoire,1984,
Cote d'Ivoire,1985,0.821
Cote d'Ivoire,1986,0.433
Cote d'Ivoire,1987,0.9490000000000001
Cote d'Ivoire,1988,1.56
Cote d'Ivoire,1989,
Cote d'Ivoire,1990,
Cote d'Ivoire,1991,
Cote d'Ivoire,1992,
Cote d'Ivoire,1993,3.54
Cote d'Ivoire,1994,
Cote d'Ivoire,1995,3.0
Cote d'Ivoire,1996,
Cote d'Ivoire,1997,
Cote d'Ivoire,1998,4.64
Cote d'Ivoire,1999,
Cote d'Ivoire,2000,
Cote d'Ivoire,2001,
Cote d'Ivoire,2002,4.95
Cote d'Ivoire,2003,
Cote d'Ivoire,2004,
Cote d'Ivoire,2005,
Cote d'Ivoire,2006,
Cote d'Ivoire,2007,
Cote d'Ivoire,2008,6.4
Cote d'Ivoire,2009,
Cote d'Ivoire,2010,
Cote d'Ivoire,2011,
Cote d'Ivoire,2012,
Cote d'Ivoire,2013,
Croatia,1978,
Croatia,1979,
Croatia,1980,
Croatia,1981,
Croatia,1982,
Croatia,1983,
Croatia,1984,
Croatia,1985,
Croatia,1986,
Croatia,1987,
Croatia,1988,0.0019
Croatia,1989,
Croatia,1990,
Croatia,1991,
Croatia,1992,
Croatia,1993,
Croatia,1994,
Croatia,1995,
Croatia,1996,
Croatia,1997,
Croatia,1998,0.0
Croatia,1999,0.00865
Croatia,2000,0.0031
Croatia,2001,0.00266
Croatia,2002,
Croatia,2003,
Croatia,2004,0.0
Croatia,2005,
Croatia,2006,
Croatia,2007,
Croatia,2008,0.0
Croatia,2009,
Croatia,2010,
Croatia,2011,
Croatia,2012,
Croatia,2013,
Czech Republic,1978,
Czech Republic,1979,
Czech Republic,1980,
Czech Republic,1981,
Czech Republic,1982,
Czech Republic,1983,
Czech Republic,1984,
Czech Republic,1985,
Czech Republic,1986,
Czech Republic,1987,
Czech Republic,1988,0.0
Czech Republic,1989,
Czech Republic,1990,
Czech Republic,1991,
Czech Republic,1992,
Czech Republic,1993,0.0
Czech Republic,1994,
Czech Republic,1995,
Czech Republic,1996,0.0134
Czech Republic,1997,
Czech Republic,1998,
Czech Republic,1999,
Czech Republic,2000,
Czech Republic,2001,
Czech Republic,2002,
Czech Republic,2003,
Czech Republic,2004,
Czech Republic,2005,0.0
Czech Republic,2006,0.00717
Czech Republic,2007,
Czech Republic,2008,0.00415
Czech Republic,2009,0.00313
Czech Republic,2010,0.00419
Czech Republic,2011,0.00315
Czech Republic,2012,
Czech Republic,2013,
Denmark,1978,
Denmark,1979,
Denmark,1980,
Denmark,1981,
Denmark,1982,
Denmark,1983,
Denmark,1984,
Denmark,1985,
Denmark,1986,
Denmark,1987,0.0523
Denmark,1988,
Denmark,1989,
Denmark,1990,
Denmark,1991,
Denmark,1992,0.0347
Denmark,1993,
Denmark,1994,
Denmark,1995,0.0173
Denmark,1996,
Denmark,1997,
Denmark,1998,
Denmark,1999,
Denmark,2000,0.0181
Denmark,2001,
Denmark,2002,
Denmark,2003,
Denmark,2004,0.0178
Denmark,2005,
Denmark,2006,
Denmark,2007,0.0213
Denmark,2008,
Denmark,2009,
Denmark,2010,0.0372
Denmark,2011,
Denmark,2012,
Denmark,2013,
Djibouti,1978,
Djibouti,1979,
Djibouti,1980,
Djibouti,1981,
Djibouti,1982,
Djibouti,1983,
Djibouti,1984,
Djibouti,1985,
Djibouti,1986,
Djibouti,1987,
Djibouti,1988,
Djibouti,1989,
Djibouti,1990,
Djibouti,1991,
Djibouti,1992,
Djibouti,1993,
Djibouti,1994,
Djibouti,1995,
Djibouti,1996,
Djibouti,1997,
Djibouti,1998,
Djibouti,1999,
Djibouti,2000,
Djibouti,2001,
Djibouti,2002,0.14
Djibouti,2003,
Djibouti,2004,
Djibouti,2005,
Djibouti,2006,
Djibouti,2007,
Djibouti,2008,
Djibouti,2009,
Djibouti,2010,
Djibouti,2011,
Djibouti,2012,
Djibouti,2013,
Dominican Republic,1978,
Dominican Republic,1979,
Dominican Republic,1980,
Dominican Republic,1981,
Dominican Republic,1982,
Dominican Republic,1983,
Dominican Republic,1984,
Dominican Republic,1985,
Dominican Republic,1986,1.09
Dominican Republic,1987,
Dominican Republic,1988,
Dominican Republic,1989,0.863
Dominican Republic,1990,
Dominican Republic,1991,
Dominican Republic,1992,0.35100000000000003
Dominican Republic,1993,
Dominican Republic,1994,
Dominican Republic,1995,
Dominican Republic,1996,0.381
Dominican Republic,1997,0.409
Dominican Republic,1998,
Dominican Republic,1999,
Dominican Republic,2000,0.45399999999999996
Dominican Republic,2001,0.324
Dominican Republic,2002,0.47100000000000003
Dominican Republic,2003,0.583
Dominican Republic,2004,0.721
Dominican Republic,2005,0.503
Dominican Republic,2006,0.401
Dominican Republic,2007,0.358
Dominican Republic,2008,0.327
Dominican Republic,2009,0.295
Dominican Republic,2010,0.22399999999999998
Dominican Republic,2011,0.258
Dominican Republic,2012,0.231
Dominican Republic,2013,
Ecuador,1978,
Ecuador,1979,
Ecuador,1980,
Ecuador,1981,
Ecuador,1982,
Ecuador,1983,
Ecuador,1984,
Ecuador,1985,
Ecuador,1986,
Ecuador,1987,1.21
Ecuador,1988,
Ecuador,1989,
Ecuador,1990,
Ecuador,1991,
Ecuador,1992,
Ecuador,1993,
Ecuador,1994,1.62
Ecuador,1995,1.07
Ecuador,1996,
Ecuador,1997,
Ecuador,1998,1.22
Ecuador,1999,1.99
Ecuador,2000,2.55
Ecuador,2001,
Ecuador,2002,
Ecuador,2003,1.59
Ecuador,2004,1.41
Ecuador,2005,1.26
Ecuador,2006,0.858
Ecuador,2007,0.99
Ecuador,2008,0.9079999999999999
Ecuador,2009,0.89
Ecuador,2010,0.687
Ecuador,2011,0.616
Ecuador,2012,0.612
Ecuador,2013,
Egypt,1978,
Egypt,1979,
Egypt,1980,
Egypt,1981,
Egypt,1982,
Egypt,1983,
Egypt,1984,
Egypt,1985,
Egypt,1986,
Egypt,1987,
Egypt,1988,
Egypt,1989,
Egypt,1990,
Egypt,1991,2.56
Egypt,1992,
Egypt,1993,
Egypt,1994,
Egypt,1995,
Egypt,1996,1.53
Egypt,1997,
Egypt,1998,
Egypt,1999,
Egypt,2000,1.2
Egypt,2001,
Egypt,2002,
Egypt,2003,
Egypt,2004,
Egypt,2005,1.62
Egypt,2006,
Egypt,2007,
Egypt,2008,1.27
Egypt,2009,
Egypt,2010,
Egypt,2011,
Egypt,2012,
Egypt,2013,
El Salvador,1978,
El Salvador,1979,
El Salvador,1980,
El Salvador,1981,
El Salvador,1982,
El Salvador,1983,
El Salvador,1984,
El Salvador,1985,
El Salvador,1986,
El Salvador,1987,
El Salvador,1988,
El Salvador,1989,0.8029999999999999
El Salvador,1990,
El Salvador,1991,0.9259999999999999
El Salvador,1992,
El Salvador,1993,
El Salvador,1994,
El Salvador,1995,0.573
El Salvador,1996,0.67
El Salvador,1997,
El Salvador,1998,1.02
El Salvador,1999,0.8140000000000001
El Salvador,2000,0.815
El Salvador,2001,0.862
El Salvador,2002,0.882
El Salvador,2003,0.8079999999999999
El Salvador,2004,0.485
El Salvador,2005,0.43200000000000005
El Salvador,2006,0.26
El Salvador,2007,0.174
El Salvador,2008,0.29600000000000004
El Salvador,2009,0.262
El Salvador,2010,0.322
El Salvador,2011,0.17600000000000002
El Salvador,2012,0.159
El Salvador,2013,
Estonia,1978,
Estonia,1979,
Estonia,1980,
Estonia,1981,
Estonia,1982,
Estonia,1983,
Estonia,1984,
Estonia,1985,
Estonia,1986,
Estonia,1987,
Estonia,1988,0.00078
Estonia,1989,
Estonia,1990,
Estonia,1991,
Estonia,1992,
Estonia,1993,0.0118
Estonia,1994,
Estonia,1995,0.00359
Estonia,1996,
Estonia,1997,
Estonia,1998,0.0006900000000000001
Estonia,1999,
Estonia,2000,0.00838
Estonia,2001,0.007909999999999999
Estonia,2002,0.007859999999999999
Estonia,2003,0.00507
Estonia,2004,
Estonia,2005,0.00975
Estonia,2006,0.00983
Estonia,2007,0.0063
Estonia,2008,0.00602
Estonia,2009,0.00787
Estonia,2010,0.0108
Estonia,2011,0.013000000000000001
Estonia,2012,
Estonia,2013,
Ethiopia,1978,
Ethiopia,1979,
Ethiopia,1980,
Ethiopia,1981,
Ethiopia,1982,25.6
Ethiopia,1983,
Ethiopia,1984,
Ethiopia,1985,
Ethiopia,1986,
Ethiopia,1987,
Ethiopia,1988,
Ethiopia,1989,
Ethiopia,1990,
Ethiopia,1991,
Ethiopia,1992,
Ethiopia,1993,
Ethiopia,1994,
Ethiopia,1995,36.0
Ethiopia,1996,
Ethiopia,1997,
Ethiopia,1998,
Ethiopia,1999,
Ethiopia,2000,36.0
Ethiopia,2001,
Ethiopia,2002,
Ethiopia,2003,
Ethiopia,2004,
Ethiopia,2005,29.7
Ethiopia,2006,
Ethiopia,2007,
Ethiopia,2008,
Ethiopia,2009,
Ethiopia,2010,
Ethiopia,2011,32.9
Ethiopia,2012,
Ethiopia,2013,
Fiji,1978,
Fiji,1979,
Fiji,1980,
Fiji,1981,
Fiji,1982,
Fiji,1983,
Fiji,1984,
Fiji,1985,
Fiji,1986,
Fiji,1987,
Fiji,1988,
Fiji,1989,
Fiji,1990,
Fiji,1991,
Fiji,1992,
Fiji,1993,
Fiji,1994,
Fiji,1995,
Fiji,1996,
Fiji,1997,
Fiji,1998,
Fiji,1999,
Fiji,2000,
Fiji,2001,
Fiji,2002,
Fiji,2003,0.23800000000000002
Fiji,2004,
Fiji,2005,
Fiji,2006,
Fiji,2007,
Fiji,2008,
Fiji,2009,0.0501
Fiji,2010,
Fiji,2011,
Fiji,2012,
Fiji,2013,
Finland,1978,
Finland,1979,
Finland,1980,
Finland,1981,
Finland,1982,
Finland,1983,
Finland,1984,
Finland,1985,
Finland,1986,
Finland,1987,0.0
Finland,1988,
Finland,1989,
Finland,1990,
Finland,1991,0.0
Finland,1992,
Finland,1993,
Finland,1994,
Finland,1995,0.0
Finland,1996,
Finland,1997,
Finland,1998,
Finland,1999,
Finland,2000,0.0
Finland,2001,
Finland,2002,
Finland,2003,
Finland,2004,0.0
Finland,2005,
Finland,2006,
Finland,2007,0.0
Finland,2008,
Finland,2009,
Finland,2010,0.0
Finland,2011,
Finland,2012,
Finland,2013,
France,1978,
France,1979,
France,1980,
France,1981,
France,1982,
France,1983,
France,1984,1.7
France,1985,
France,1986,
France,1987,
France,1988,
France,1989,0.976
France,1990,
France,1991,
France,1992,
France,1993,
France,1994,0.20800000000000002
France,1995,
France,1996,
France,1997,
France,1998,
France,1999,
France,2000,0.213
France,2001,
France,2002,
France,2003,
France,2004,
France,2005,0.20800000000000002
France,2006,
France,2007,
France,2008,
France,2009,
France,2010,
France,2011,
France,2012,
France,2013,
Gabon,1978,
Gabon,1979,
Gabon,1980,
Gabon,1981,
Gabon,1982,
Gabon,1983,
Gabon,1984,
Gabon,1985,
Gabon,1986,
Gabon,1987,
Gabon,1988,
Gabon,1989,
Gabon,1990,
Gabon,1991,
Gabon,1992,
Gabon,1993,
Gabon,1994,
Gabon,1995,
Gabon,1996,
Gabon,1997,
Gabon,1998,
Gabon,1999,
Gabon,2000,
Gabon,2001,
Gabon,2002,
Gabon,2003,
Gabon,2004,
Gabon,2005,0.084
Gabon,2006,
Gabon,2007,
Gabon,2008,
Gabon,2009,
Gabon,2010,
Gabon,2011,
Gabon,2012,
Gabon,2013,
Gambia,1978,
Gambia,1979,
Gambia,1980,
Gambia,1981,
Gambia,1982,
Gambia,1983,
Gambia,1984,
Gambia,1985,
Gambia,1986,
Gambia,1987,
Gambia,1988,
Gambia,1989,
Gambia,1990,
Gambia,1991,
Gambia,1992,
Gambia,1993,
Gambia,1994,
Gambia,1995,
Gambia,1996,
Gambia,1997,
Gambia,1998,0.7609999999999999
Gambia,1999,
Gambia,2000,
Gambia,2001,
Gambia,2002,
Gambia,2003,0.45399999999999996
Gambia,2004,
Gambia,2005,
Gambia,2006,
Gambia,2007,
Gambia,2008,
Gambia,2009,
Gambia,2010,
Gambia,2011,
Gambia,2012,
Gambia,2013,
Georgia,1978,
Georgia,1979,
Georgia,1980,
Georgia,1981,
Georgia,1982,
Georgia,1983,
Georgia,1984,
Georgia,1985,
Georgia,1986,
Georgia,1987,
Georgia,1988,
Georgia,1989,
Georgia,1990,
Georgia,1991,
Georgia,1992,
Georgia,1993,
Georgia,1994,
Georgia,1995,
Georgia,1996,0.218
Georgia,1997,0.794
Georgia,1998,0.6
Georgia,1999,0.765
Georgia,2000,0.784
Georgia,2001,0.764
Georgia,2002,0.618
Georgia,2003,0.6759999999999999
Georgia,2004,0.652
Georgia,2005,0.648
Georgia,2006,0.61
Georgia,2007,0.647
Georgia,2008,0.616
Georgia,2009,0.617
Georgia,2010,0.8029999999999999
Georgia,2011,0.72
Georgia,2012,0.635
Georgia,2013,
Germany,1978,
Germany,1979,
Germany,1980,
Germany,1981,0.0
Germany,1982,
Germany,1983,0.0
Germany,1984,0.265
Germany,1985,
Germany,1986,
Germany,1987,
Germany,1988,
Germany,1989,0.0
Germany,1990,
Germany,1991,
Germany,1992,
Germany,1993,
Germany,1994,0.27699999999999997
Germany,1995,
Germany,1996,
Germany,1997,
Germany,1998,
Germany,1999,
Germany,2000,0.0
Germany,2001,
Germany,2002,
Germany,2003,
Germany,2004,0.0
Germany,2005,
Germany,2006,
Germany,2007,0.0
Germany,2008,
Germany,2009,
Germany,2010,0.278
Germany,2011,
Germany,2012,
Germany,2013,
Ghana,1978,
Ghana,1979,
Ghana,1980,
Ghana,1981,
Ghana,1982,
Ghana,1983,
Ghana,1984,
Ghana,1985,
Ghana,1986,
Ghana,1987,
Ghana,1988,7.01
Ghana,1989,7.03
Ghana,1990,
Ghana,1991,
Ghana,1992,7.9
Ghana,1993,
Ghana,1994,
Ghana,1995,
Ghana,1996,
Ghana,1997,
Ghana,1998,7.03
Ghana,1999,
Ghana,2000,
Ghana,2001,
Ghana,2002,
Ghana,2003,
Ghana,2004,
Ghana,2005,
Ghana,2006,6.28
Ghana,2007,
Ghana,2008,
Ghana,2009,
Ghana,2010,
Ghana,2011,
Ghana,2012,
Ghana,2013,
Greece,1978,
Greece,1979,
Greece,1980,
Greece,1981,
Greece,1982,
Greece,1983,
Greece,1984,
Greece,1985,
Greece,1986,
Greece,1987,
Greece,1988,
Greece,1989,
Greece,1990,
Greece,1991,
Greece,1992,
Greece,1993,
Greece,1994,
Greece,1995,0.17800000000000002
Greece,1996,
Greece,1997,
Greece,1998,
Greece,1999,
Greece,2000,0.0742
Greece,2001,
Greece,2002,
Greece,2003,
Greece,2004,0.11199999999999999
Greece,2005,
Greece,2006,
Greece,2007,0.115
Greece,2008,
Greece,2009,
Greece,2010,0.153
Greece,2011,
Greece,2012,
Greece,2013,
Guatemala,1978,
Guatemala,1979,
Guatemala,1980,
Guatemala,1981,
Guatemala,1982,
Guatemala,1983,
Guatemala,1984,
Guatemala,1985,
Guatemala,1986,
Guatemala,1987,3.21
Guatemala,1988,
Guatemala,1989,2.46
Guatemala,1990,
Guatemala,1991,
Guatemala,1992,
Guatemala,1993,
Guatemala,1994,
Guatemala,1995,
Guatemala,1996,
Guatemala,1997,
Guatemala,1998,1.74
Guatemala,1999,
Guatemala,2000,1.32
Guatemala,2001,
Guatemala,2002,2.34
Guatemala,2003,2.17
Guatemala,2004,2.04
Guatemala,2005,
Guatemala,2006,1.75
Guatemala,2007,
Guatemala,2008,
Guatemala,2009,
Guatemala,2010,
Guatemala,2011,2.02
Guatemala,2012,
Guatemala,2013,
Guinea,1978,
Guinea,1979,
Guinea,1980,
Guinea,1981,
Guinea,1982,
Guinea,1983,
Guinea,1984,
Guinea,1985,
Guinea,1986,
Guinea,1987,
Guinea,1988,
Guinea,1989,
Guinea,1990,
Guinea,1991,5.95
Guinea,1992,
Guinea,1993,
Guinea,1994,4.79
Guinea,1995,
Guinea,1996,
Guinea,1997,
Guinea,1998,
Guinea,1999,
Guinea,2000,
Guinea,2001,
Guinea,2002,
Guinea,2003,5.18
Guinea,2004,
Guinea,2005,
Guinea,2006,
Guinea,2007,3.95
Guinea,2008,
Guinea,2009,
Guinea,2010,
Guinea,2011,
Guinea,2012,4.68
Guinea,2013,
Guinea-Bissau,1978,
Guinea-Bissau,1979,
Guinea-Bissau,1980,
Guinea-Bissau,1981,
Guinea-Bissau,1982,
Guinea-Bissau,1983,
Guinea-Bissau,1984,
Guinea-Bissau,1985,
Guinea-Bissau,1986,
Guinea-Bissau,1987,
Guinea-Bissau,1988,
Guinea-Bissau,1989,
Guinea-Bissau,1990,
Guinea-Bissau,1991,0.43
Guinea-Bissau,1992,
Guinea-Bissau,1993,0.7120000000000001
Guinea-Bissau,1994,
Guinea-Bissau,1995,
Guinea-Bissau,1996,
Guinea-Bissau,1997,
Guinea-Bissau,1998,
Guinea-Bissau,1999,
Guinea-Bissau,2000,
Guinea-Bissau,2001,
Guinea-Bissau,2002,0.6509999999999999
Guinea-Bissau,2003,
Guinea-Bissau,2004,
Guinea-Bissau,2005,
Guinea-Bissau,2006,
Guinea-Bissau,2007,
Guinea-Bissau,2008,
Guinea-Bissau,2009,
Guinea-Bissau,2010,
Guinea-Bissau,2011,
Guinea-Bissau,2012,
Guinea-Bissau,2013,
Guyana,1978,
Guyana,1979,
Guyana,1980,
Guyana,1981,
Guyana,1982,
Guyana,1983,
Guyana,1984,
Guyana,1985,
Guyana,1986,
Guyana,1987,
Guyana,1988,
Guyana,1989,
Guyana,1990,
Guyana,1991,
Guyana,1992,
Guyana,1993,0.05
Guyana,1994,
Guyana,1995,
Guyana,1996,
Guyana,1997,
Guyana,1998,0.0642
Guyana,1999,
Guyana,2000,
Guyana,2001,
Guyana,2002,
Guyana,2003,
Guyana,2004,
Guyana,2005,
Guyana,2006,
Guyana,2007,
Guyana,2008,
Guyana,2009,
Guyana,2010,
Guyana,2011,
Guyana,2012,
Guyana,2013,
Haiti,1978,
Haiti,1979,
Haiti,1980,
Haiti,1981,
Haiti,1982,
Haiti,1983,
Haiti,1984,
Haiti,1985,
Haiti,1986,
Haiti,1987,
Haiti,1988,
Haiti,1989,
Haiti,1990,
Haiti,1991,
Haiti,1992,
Haiti,1993,
Haiti,1994,
Haiti,1995,
Haiti,1996,
Haiti,1997,
Haiti,1998,
Haiti,1999,
Haiti,2000,
Haiti,2001,5.38
Haiti,2002,
Haiti,2003,
Haiti,2004,
Haiti,2005,
Haiti,2006,
Haiti,2007,
Haiti,2008,
Haiti,2009,
Haiti,2010,
Haiti,2011,
Haiti,2012,
Haiti,2013,
Honduras,1978,
Honduras,1979,
Honduras,1980,
Honduras,1981,
Honduras,1982,
Honduras,1983,
Honduras,1984,
Honduras,1985,
Honduras,1986,0.5670000000000001
Honduras,1987,
Honduras,1988,
Honduras,1989,1.96
Honduras,1990,2.3
Honduras,1991,1.67
Honduras,1992,1.39
Honduras,1993,1.12
Honduras,1994,1.32
Honduras,1995,1.46
Honduras,1996,1.63
Honduras,1997,1.14
Honduras,1998,1.46
Honduras,1999,1.52
Honduras,2000,
Honduras,2001,1.08
Honduras,2002,1.78
Honduras,2003,1.7
Honduras,2004,1.66
Honduras,2005,1.78
Honduras,2006,1.58
Honduras,2007,1.13
Honduras,2008,1.07
Honduras,2009,0.9259999999999999
Honduras,2010,1.02
Honduras,2011,1.28
Honduras,2012,
Honduras,2013,
Hungary,1978,
Hungary,1979,
Hungary,1980,
Hungary,1981,
Hungary,1982,
Hungary,1983,
Hungary,1984,
Hungary,1985,
Hungary,1986,
Hungary,1987,0.0053100000000000005
Hungary,1988,
Hungary,1989,0.00419
Hungary,1990,
Hungary,1991,
Hungary,1992,
Hungary,1993,0.0155
Hungary,1994,
Hungary,1995,
Hungary,1996,
Hungary,1997,
Hungary,1998,0.0
Hungary,1999,0.00205
Hungary,2000,0.0
Hungary,2001,0.0
Hungary,2002,0.0
Hungary,2003,0.0
Hungary,2004,
Hungary,2005,0.0
Hungary,2006,0.0131
Hungary,2007,
Hungary,2008,0.00301
Hungary,2009,
Hungary,2010,0.005
Hungary,2011,0.00499
Hungary,2012,
Hungary,2013,
India,1978,440.0
India,1979,
India,1980,
India,1981,
India,1982,
India,1983,415.0
India,1984,
India,1985,
India,1986,
India,1987,
India,1988,447.0
India,1989,
India,1990,
India,1991,
India,1992,
India,1993,
India,1994,464.0
India,1995,
India,1996,
India,1997,
India,1998,
India,1999,
India,2000,
India,2001,
India,2002,
India,2003,
India,2004,
India,2005,469.0
India,2006,
India,2007,
India,2008,
India,2009,
India,2010,389.0
India,2011,
India,2012,289.0
India,2013,
Indonesia,1978,
Indonesia,1979,
Indonesia,1980,
Indonesia,1981,
Indonesia,1982,
Indonesia,1983,
Indonesia,1984,100.0
Indonesia,1985,
Indonesia,1986,
Indonesia,1987,115.0
Indonesia,1988,
Indonesia,1989,
Indonesia,1990,96.9
Indonesia,1991,
Indonesia,1992,
Indonesia,1993,102.0
Indonesia,1994,
Indonesia,1995,
Indonesia,1996,85.5
Indonesia,1997,
Indonesia,1998,
Indonesia,1999,98.2
Indonesia,2000,
Indonesia,2001,
Indonesia,2002,63.2
Indonesia,2003,
Indonesia,2004,
Indonesia,2005,48.4
Indonesia,2006,
Indonesia,2007,
Indonesia,2008,53.2
Indonesia,2009,
Indonesia,2010,43.4
Indonesia,2011,39.5
Indonesia,2012,
Indonesia,2013,
Iran,1978,
Iran,1979,
Iran,1980,
Iran,1981,
Iran,1982,
Iran,1983,
Iran,1984,
Iran,1985,
Iran,1986,2.07
Iran,1987,
Iran,1988,
Iran,1989,
Iran,1990,2.17
Iran,1991,
Iran,1992,
Iran,1993,
Iran,1994,0.847
Iran,1995,
Iran,1996,
Iran,1997,
Iran,1998,0.8029999999999999
Iran,1999,
Iran,2000,
Iran,2001,
Iran,2002,
Iran,2003,
Iran,2004,
Iran,2005,1.02
Iran,2006,
Iran,2007,
Iran,2008,
Iran,2009,
Iran,2010,
Iran,2011,
Iran,2012,
Iran,2013,
Iraq,1978,
Iraq,1979,
Iraq,1980,
Iraq,1981,
Iraq,1982,
Iraq,1983,
Iraq,1984,
Iraq,1985,
Iraq,1986,
Iraq,1987,
Iraq,1988,
Iraq,1989,
Iraq,1990,
Iraq,1991,
Iraq,1992,
Iraq,1993,
Iraq,1994,
Iraq,1995,
Iraq,1996,
Iraq,1997,
Iraq,1998,
Iraq,1999,
Iraq,2000,
Iraq,2001,
Iraq,2002,
Iraq,2003,
Iraq,2004,
Iraq,2005,
Iraq,2006,
Iraq,2007,0.9690000000000001
Iraq,2008,
Iraq,2009,
Iraq,2010,
Iraq,2011,
Iraq,2012,1.27
Iraq,2013,
Ireland,1978,
Ireland,1979,
Ireland,1980,
Ireland,1981,
Ireland,1982,
Ireland,1983,
Ireland,1984,
Ireland,1985,
Ireland,1986,
Ireland,1987,0.0485
Ireland,1988,
Ireland,1989,
Ireland,1990,
Ireland,1991,
Ireland,1992,
Ireland,1993,
Ireland,1994,0.0126
Ireland,1995,0.0123
Ireland,1996,0.0
Ireland,1997,
Ireland,1998,
Ireland,1999,
Ireland,2000,0.0141
Ireland,2001,
Ireland,2002,
Ireland,2003,
Ireland,2004,0.0
Ireland,2005,
Ireland,2006,
Ireland,2007,0.0
Ireland,2008,
Ireland,2009,
Ireland,2010,0.0164
Ireland,2011,
Ireland,2012,
Ireland,2013,
Israel,1978,
Israel,1979,0.0
Israel,1980,
Israel,1981,
Israel,1982,
Israel,1983,
Israel,1984,
Israel,1985,
Israel,1986,0.0
Israel,1987,
Israel,1988,
Israel,1989,
Israel,1990,
Israel,1991,
Israel,1992,0.0
Israel,1993,
Israel,1994,
Israel,1995,
Israel,1996,
Israel,1997,0.021
Israel,1998,
Israel,1999,
Israel,2000,
Israel,2001,0.0213
Israel,2002,
Israel,2003,
Israel,2004,
Israel,2005,0.0464
Israel,2006,
Israel,2007,0.0237
Israel,2008,
Israel,2009,
Israel,2010,0.0297
Israel,2011,
Israel,2012,
Israel,2013,
Italy,1978,
Italy,1979,
Italy,1980,
Italy,1981,
Italy,1982,
Italy,1983,
Italy,1984,
Italy,1985,
Italy,1986,0.0
Italy,1987,0.758
Italy,1988,
Italy,1989,0.193
Italy,1990,
Italy,1991,0.21
Italy,1992,
Italy,1993,0.568
Italy,1994,
Italy,1995,0.574
Italy,1996,
Italy,1997,
Italy,1998,0.95
Italy,1999,
Italy,2000,0.763
Italy,2001,
Italy,2002,
Italy,2003,
Italy,2004,0.387
Italy,2005,
Italy,2006,
Italy,2007,
Italy,2008,0.594
Italy,2009,
Italy,2010,0.8
Italy,2011,
Italy,2012,
Italy,2013,
Jamaica,1978,
Jamaica,1979,
Jamaica,1980,
Jamaica,1981,
Jamaica,1982,
Jamaica,1983,
Jamaica,1984,
Jamaica,1985,
Jamaica,1986,
Jamaica,1987,
Jamaica,1988,0.0935
Jamaica,1989,
Jamaica,1990,0.0303
Jamaica,1991,
Jamaica,1992,
Jamaica,1993,0.0932
Jamaica,1994,
Jamaica,1995,
Jamaica,1996,0.0442
Jamaica,1997,
Jamaica,1998,
Jamaica,1999,0.0342
Jamaica,2000,
Jamaica,2001,0.973
Jamaica,2002,0.00811
Jamaica,2003,
Jamaica,2004,0.00632
Jamaica,2005,
Jamaica,2006,
Jamaica,2007,
Jamaica,2008,
Jamaica,2009,
Jamaica,2010,
Jamaica,2011,
Jamaica,2012,
Jamaica,2013,
Japan,1978,
Japan,1979,
Japan,1980,
Japan,1981,
Japan,1982,
Japan,1983,
Japan,1984,
Japan,1985,
Japan,1986,
Japan,1987,
Japan,1988,
Japan,1989,
Japan,1990,
Japan,1991,
Japan,1992,
Japan,1993,
Japan,1994,
Japan,1995,
Japan,1996,
Japan,1997,
Japan,1998,
Japan,1999,
Japan,2000,
Japan,2001,
Japan,2002,
Japan,2003,
Japan,2004,
Japan,2005,
Japan,2006,
Japan,2007,
Japan,2008,0.447
Japan,2009,
Japan,2010,
Japan,2011,
Japan,2012,
Japan,2013,
Jordan,1978,
Jordan,1979,
Jordan,1980,
Jordan,1981,
Jordan,1982,
Jordan,1983,
Jordan,1984,
Jordan,1985,
Jordan,1986,
Jordan,1987,0.0
Jordan,1988,
Jordan,1989,
Jordan,1990,
Jordan,1991,
Jordan,1992,0.102
Jordan,1993,
Jordan,1994,
Jordan,1995,
Jordan,1996,
Jordan,1997,0.0664
Jordan,1998,
Jordan,1999,
Jordan,2000,
Jordan,2001,
Jordan,2002,
Jordan,2003,0.0599
Jordan,2004,
Jordan,2005,
Jordan,2006,0.0138
Jordan,2007,
Jordan,2008,0.00405
Jordan,2009,
Jordan,2010,0.00484
Jordan,2011,
Jordan,2012,
Jordan,2013,
Kazakhstan,1978,
Kazakhstan,1979,
Kazakhstan,1980,
Kazakhstan,1981,
Kazakhstan,1982,
Kazakhstan,1983,
Kazakhstan,1984,
Kazakhstan,1985,
Kazakhstan,1986,
Kazakhstan,1987,
Kazakhstan,1988,0.0032
Kazakhstan,1989,
Kazakhstan,1990,
Kazakhstan,1991,
Kazakhstan,1992,
Kazakhstan,1993,0.688
Kazakhstan,1994,
Kazakhstan,1995,
Kazakhstan,1996,0.7759999999999999
Kazakhstan,1997,
Kazakhstan,1998,
Kazakhstan,1999,
Kazakhstan,2000,
Kazakhstan,2001,0.909
Kazakhstan,2002,0.5589999999999999
Kazakhstan,2003,0.359
Kazakhstan,2004,0.218
Kazakhstan,2005,0.00303
Kazakhstan,2006,0.0628
Kazakhstan,2007,0.0248
Kazakhstan,2008,0.00157
Kazakhstan,2009,
Kazakhstan,2010,0.00979
Kazakhstan,2011,
Kazakhstan,2012,
Kazakhstan,2013,
Kenya,1978,
Kenya,1979,
Kenya,1980,
Kenya,1981,
Kenya,1982,
Kenya,1983,
Kenya,1984,
Kenya,1985,
Kenya,1986,
Kenya,1987,
Kenya,1988,
Kenya,1989,
Kenya,1990,
Kenya,1991,
Kenya,1992,9.62
Kenya,1993,
Kenya,1994,7.59
Kenya,1995,
Kenya,1996,
Kenya,1997,9.21
Kenya,1998,
Kenya,1999,
Kenya,2000,
Kenya,2001,
Kenya,2002,
Kenya,2003,
Kenya,2004,
Kenya,2005,15.5
Kenya,2006,
Kenya,2007,
Kenya,2008,
Kenya,2009,
Kenya,2010,
Kenya,2011,
Kenya,2012,
Kenya,2013,
Kyrgyz Republic,1978,
Kyrgyz Republic,1979,
Kyrgyz Republic,1980,
Kyrgyz Republic,1981,
Kyrgyz Republic,1982,
Kyrgyz Republic,1983,
Kyrgyz Republic,1984,
Kyrgyz Republic,1985,
Kyrgyz Republic,1986,
Kyrgyz Republic,1987,
Kyrgyz Republic,1988,0.0
Kyrgyz Republic,1989,
Kyrgyz Republic,1990,
Kyrgyz Republic,1991,
Kyrgyz Republic,1992,
Kyrgyz Republic,1993,0.841
Kyrgyz Republic,1994,
Kyrgyz Republic,1995,
Kyrgyz Republic,1996,
Kyrgyz Republic,1997,
Kyrgyz Republic,1998,1.52
Kyrgyz Republic,1999,
Kyrgyz Republic,2000,1.8
Kyrgyz Republic,2001,1.61
Kyrgyz Republic,2002,1.48
Kyrgyz Republic,2003,1.25
Kyrgyz Republic,2004,0.561
Kyrgyz Republic,2005,1.03
Kyrgyz Republic,2006,0.698
Kyrgyz Republic,2007,0.1
Kyrgyz Republic,2008,0.292
Kyrgyz Republic,2009,0.303
Kyrgyz Republic,2010,0.32799999999999996
Kyrgyz Republic,2011,0.282
Kyrgyz Republic,2012,
Kyrgyz Republic,2013,
Lao,1978,
Lao,1979,
Lao,1980,
Lao,1981,
Lao,1982,
Lao,1983,
Lao,1984,
Lao,1985,
Lao,1986,
Lao,1987,
Lao,1988,
Lao,1989,
Lao,1990,
Lao,1991,
Lao,1992,2.5
Lao,1993,
Lao,1994,
Lao,1995,
Lao,1996,
Lao,1997,2.42
Lao,1998,
Lao,1999,
Lao,2000,
Lao,2001,
Lao,2002,2.29
Lao,2003,
Lao,2004,
Lao,2005,
Lao,2006,
Lao,2007,2.11
Lao,2008,
Lao,2009,
Lao,2010,
Lao,2011,
Lao,2012,2.01
Lao,2013,
Latvia,1978,
Latvia,1979,
Latvia,1980,
Latvia,1981,
Latvia,1982,
Latvia,1983,
Latvia,1984,
Latvia,1985,
Latvia,1986,
Latvia,1987,
Latvia,1988,0.00053
Latvia,1989,
Latvia,1990,
Latvia,1991,
Latvia,1992,
Latvia,1993,0.0
Latvia,1994,
Latvia,1995,0.0
Latvia,1996,0.0103
Latvia,1997,0.0136
Latvia,1998,0.0
Latvia,1999,
Latvia,2000,
Latvia,2001,
Latvia,2002,0.009470000000000001
Latvia,2003,
Latvia,2004,0.00249
Latvia,2005,
Latvia,2006,0.0264
Latvia,2007,
Latvia,2008,0.0
Latvia,2009,
Latvia,2010,0.028999999999999998
Latvia,2011,0.022000000000000002
Latvia,2012,
Latvia,2013,
Lesotho,1978,
Lesotho,1979,
Lesotho,1980,
Lesotho,1981,
Lesotho,1982,
Lesotho,1983,
Lesotho,1984,
Lesotho,1985,
Lesotho,1986,
Lesotho,1987,0.87
Lesotho,1988,
Lesotho,1989,
Lesotho,1990,
Lesotho,1991,
Lesotho,1992,
Lesotho,1993,1.14
Lesotho,1994,0.9640000000000001
Lesotho,1995,
Lesotho,1996,
Lesotho,1997,
Lesotho,1998,
Lesotho,1999,
Lesotho,2000,
Lesotho,2001,
Lesotho,2002,
Lesotho,2003,1.05
Lesotho,2004,
Lesotho,2005,
Lesotho,2006,
Lesotho,2007,
Lesotho,2008,
Lesotho,2009,
Lesotho,2010,1.13
Lesotho,2011,
Lesotho,2012,
Lesotho,2013,
Liberia,1978,
Liberia,1979,
Liberia,1980,
Liberia,1981,
Liberia,1982,
Liberia,1983,
Liberia,1984,
Liberia,1985,
Liberia,1986,
Liberia,1987,
Liberia,1988,
Liberia,1989,
Liberia,1990,
Liberia,1991,
Liberia,1992,
Liberia,1993,
Liberia,1994,
Liberia,1995,
Liberia,1996,
Liberia,1997,
Liberia,1998,
Liberia,1999,
Liberia,2000,
Liberia,2001,
Liberia,2002,
Liberia,2003,
Liberia,2004,
Liberia,2005,
Liberia,2006,
Liberia,2007,2.95
Liberia,2008,
Liberia,2009,
Liberia,2010,
Liberia,2011,
Liberia,2012,
Liberia,2013,
Lithuania,1978,
Lithuania,1979,
Lithuania,1980,
Lithuania,1981,
Lithuania,1982,
Lithuania,1983,
Lithuania,1984,
Lithuania,1985,
Lithuania,1986,
Lithuania,1987,
Lithuania,1988,0.0021899999999999997
Lithuania,1989,
Lithuania,1990,
Lithuania,1991,
Lithuania,1992,
Lithuania,1993,0.0792
Lithuania,1994,
Lithuania,1995,
Lithuania,1996,0.0
Lithuania,1997,
Lithuania,1998,0.00426
Lithuania,1999,
Lithuania,2000,0.0021
Lithuania,2001,0.0104
Lithuania,2002,0.00551
Lithuania,2003,0.0023899999999999998
Lithuania,2004,0.00203
Lithuania,2005,0.0568
Lithuania,2006,0.0458
Lithuania,2007,
Lithuania,2008,0.0016
Lithuania,2009,
Lithuania,2010,0.0458
Lithuania,2011,0.0251
Lithuania,2012,
Lithuania,2013,
"Macedonia, FYR",1978,
"Macedonia, FYR",1979,
"Macedonia, FYR",1980,
"Macedonia, FYR",1981,
"Macedonia, FYR",1982,
"Macedonia, FYR",1983,
"Macedonia, FYR",1984,
"Macedonia, FYR",1985,
"Macedonia, FYR",1986,
"Macedonia, FYR",1987,
"Macedonia, FYR",1988,
"Macedonia, FYR",1989,
"Macedonia, FYR",1990,
"Macedonia, FYR",1991,
"Macedonia, FYR",1992,
"Macedonia, FYR",1993,
"Macedonia, FYR",1994,
"Macedonia, FYR",1995,
"Macedonia, FYR",1996,
"Macedonia, FYR",1997,
"Macedonia, FYR",1998,0.0
"Macedonia, FYR",1999,
"Macedonia, FYR",2000,0.0856
"Macedonia, FYR",2001,
"Macedonia, FYR",2002,0.011000000000000001
"Macedonia, FYR",2003,0.00936
"Macedonia, FYR",2004,0.0109
"Macedonia, FYR",2005,0.00585
"Macedonia, FYR",2006,0.0193
"Macedonia, FYR",2007,
"Macedonia, FYR",2008,0.00588
"Macedonia, FYR",2009,
"Macedonia, FYR",2010,
"Macedonia, FYR",2011,
"Macedonia, FYR",2012,
"Macedonia, FYR",2013,
Madagascar,1978,
Madagascar,1979,
Madagascar,1980,8.28
Madagascar,1981,
Madagascar,1982,
Madagascar,1983,
Madagascar,1984,
Madagascar,1985,
Madagascar,1986,
Madagascar,1987,
Madagascar,1988,
Madagascar,1989,
Madagascar,1990,
Madagascar,1991,
Madagascar,1992,
Madagascar,1993,8.48
Madagascar,1994,
Madagascar,1995,
Madagascar,1996,
Madagascar,1997,10.3
Madagascar,1998,
Madagascar,1999,12.6
Madagascar,2000,
Madagascar,2001,12.4
Madagascar,2002,
Madagascar,2003,
Madagascar,2004,
Madagascar,2005,15.1
Madagascar,2006,
Madagascar,2007,
Madagascar,2008,
Madagascar,2009,
Madagascar,2010,18.5
Madagascar,2011,
Madagascar,2012,
Madagascar,2013,
Malawi,1978,
Malawi,1979,
Malawi,1980,
Malawi,1981,
Malawi,1982,
Malawi,1983,
Malawi,1984,
Malawi,1985,
Malawi,1986,
Malawi,1987,
Malawi,1988,
Malawi,1989,
Malawi,1990,
Malawi,1991,
Malawi,1992,
Malawi,1993,
Malawi,1994,
Malawi,1995,
Malawi,1996,
Malawi,1997,
Malawi,1998,8.9
Malawi,1999,
Malawi,2000,
Malawi,2001,
Malawi,2002,
Malawi,2003,
Malawi,2004,9.42
Malawi,2005,
Malawi,2006,
Malawi,2007,
Malawi,2008,
Malawi,2009,
Malawi,2010,10.8
Malawi,2011,
Malawi,2012,
Malawi,2013,
Malaysia,1978,
Malaysia,1979,
Malaysia,1980,
Malaysia,1981,
Malaysia,1982,
Malaysia,1983,
Malaysia,1984,0.495
Malaysia,1985,
Malaysia,1986,
Malaysia,1987,0.401
Malaysia,1988,
Malaysia,1989,0.34
Malaysia,1990,
Malaysia,1991,
Malaysia,1992,0.313
Malaysia,1993,
Malaysia,1994,
Malaysia,1995,0.433
Malaysia,1996,
Malaysia,1997,0.11800000000000001
Malaysia,1998,
Malaysia,1999,
Malaysia,2000,
Malaysia,2001,
Malaysia,2002,
Malaysia,2003,
Malaysia,2004,0.13699999999999998
Malaysia,2005,
Malaysia,2006,
Malaysia,2007,0.0
Malaysia,2008,
Malaysia,2009,0.0
Malaysia,2010,
Malaysia,2011,
Malaysia,2012,
Malaysia,2013,
Maldives,1978,
Maldives,1979,
Maldives,1980,
Maldives,1981,
Maldives,1982,
Maldives,1983,
Maldives,1984,
Maldives,1985,
Maldives,1986,
Maldives,1987,
Maldives,1988,
Maldives,1989,
Maldives,1990,
Maldives,1991,
Maldives,1992,
Maldives,1993,
Maldives,1994,
Maldives,1995,
Maldives,1996,
Maldives,1997,
Maldives,1998,0.067
Maldives,1999,
Maldives,2000,
Maldives,2001,
Maldives,2002,
Maldives,2003,
Maldives,2004,0.00433
Maldives,2005,
Maldives,2006,
Maldives,2007,
Maldives,2008,
Maldives,2009,
Maldives,2010,
Maldives,2011,
Maldives,2012,
Maldives,2013,
Mali,1978,
Mali,1979,
Mali,1980,
Mali,1981,
Mali,1982,
Mali,1983,
Mali,1984,
Mali,1985,
Mali,1986,
Mali,1987,
Mali,1988,
Mali,1989,
Mali,1990,
Mali,1991,
Mali,1992,
Mali,1993,
Mali,1994,7.53
Mali,1995,
Mali,1996,
Mali,1997,
Mali,1998,
Mali,1999,
Mali,2000,
Mali,2001,6.46
Mali,2002,
Mali,2003,
Mali,2004,
Mali,2005,
Mali,2006,6.34
Mali,2007,
Mali,2008,
Mali,2009,
Mali,2010,7.08
Mali,2011,
Mali,2012,
Mali,2013,
Mauritania,1978,
Mauritania,1979,
Mauritania,1980,
Mauritania,1981,
Mauritania,1982,
Mauritania,1983,
Mauritania,1984,
Mauritania,1985,
Mauritania,1986,
Mauritania,1987,0.7709999999999999
Mauritania,1988,
Mauritania,1989,
Mauritania,1990,
Mauritania,1991,
Mauritania,1992,
Mauritania,1993,0.943
Mauritania,1994,
Mauritania,1995,
Mauritania,1996,0.563
Mauritania,1997,
Mauritania,1998,
Mauritania,1999,
Mauritania,2000,0.573
Mauritania,2001,
Mauritania,2002,
Mauritania,2003,
Mauritania,2004,0.7759999999999999
Mauritania,2005,
Mauritania,2006,
Mauritania,2007,
Mauritania,2008,0.802
Mauritania,2009,
Mauritania,2010,
Mauritania,2011,
Mauritania,2012,
Mauritania,2013,
Mexico,1978,
Mexico,1979,
Mexico,1980,
Mexico,1981,
Mexico,1982,
Mexico,1983,
Mexico,1984,9.76
Mexico,1985,
Mexico,1986,
Mexico,1987,
Mexico,1988,
Mexico,1989,6.7
Mexico,1990,
Mexico,1991,
Mexico,1992,4.33
Mexico,1993,
Mexico,1994,3.33
Mexico,1995,
Mexico,1996,7.64
Mexico,1997,
Mexico,1998,8.68
Mexico,1999,
Mexico,2000,5.74
Mexico,2001,
Mexico,2002,4.16
Mexico,2003,
Mexico,2004,1.75
Mexico,2005,5.46
Mexico,2006,0.762
Mexico,2007,
Mexico,2008,1.32
Mexico,2009,
Mexico,2010,0.8490000000000001
Mexico,2011,
Mexico,2012,1.25
Mexico,2013,
"Micronesia, Fed. Sts.",1978,
"Micronesia, Fed. Sts.",1979,
"Micronesia, Fed. Sts.",1980,
"Micronesia, Fed. Sts.",1981,
"Micronesia, Fed. Sts.",1982,
"Micronesia, Fed. Sts.",1983,
"Micronesia, Fed. Sts.",1984,
"Micronesia, Fed. Sts.",1985,
"Micronesia, Fed. Sts.",1986,
"Micronesia, Fed. Sts.",1987,
"Micronesia, Fed. Sts.",1988,
"Micronesia, Fed. Sts.",1989,
"Micronesia, Fed. Sts.",1990,
"Micronesia, Fed. Sts.",1991,
"Micronesia, Fed. Sts.",1992,
"Micronesia, Fed. Sts.",1993,
"Micronesia, Fed. Sts.",1994,
"Micronesia, Fed. Sts.",1995,
"Micronesia, Fed. Sts.",1996,
"Micronesia, Fed. Sts.",1997,
"Micronesia, Fed. Sts.",1998,
"Micronesia, Fed. Sts.",1999,
"Micronesia, Fed. Sts.",2000,0.0335
"Micronesia, Fed. Sts.",2001,
"Micronesia, Fed. Sts.",2002,
"Micronesia, Fed. Sts.",2003,
"Micronesia, Fed. Sts.",2004,
"Micronesia, Fed. Sts.",2005,
"Micronesia, Fed. Sts.",2006,
"Micronesia, Fed. Sts.",2007,
"Micronesia, Fed. Sts.",2008,
"Micronesia, Fed. Sts.",2009,
"Micronesia, Fed. Sts.",2010,
"Micronesia, Fed. Sts.",2011,
"Micronesia, Fed. Sts.",2012,
"Micronesia, Fed. Sts.",2013,
Moldova,1978,
Moldova,1979,
Moldova,1980,
Moldova,1981,
Moldova,1982,
Moldova,1983,
Moldova,1984,
Moldova,1985,
Moldova,1986,
Moldova,1987,
Moldova,1988,0.58
Moldova,1989,
Moldova,1990,
Moldova,1991,
Moldova,1992,0.45399999999999996
Moldova,1993,
Moldova,1994,
Moldova,1995,
Moldova,1996,
Moldova,1997,0.5720000000000001
Moldova,1998,0.9329999999999999
Moldova,1999,1.3
Moldova,2000,
Moldova,2001,0.9079999999999999
Moldova,2002,0.542
Moldova,2003,0.226
Moldova,2004,0.24
Moldova,2005,0.449
Moldova,2006,0.0778
Moldova,2007,0.0361
Moldova,2008,0.0382
Moldova,2009,0.0278
Moldova,2010,0.015
Moldova,2011,0.008190000000000001
Moldova,2012,
Moldova,2013,
Montenegro,1978,
Montenegro,1979,
Montenegro,1980,
Montenegro,1981,
Montenegro,1982,
Montenegro,1983,
Montenegro,1984,
Montenegro,1985,
Montenegro,1986,
Montenegro,1987,
Montenegro,1988,
Montenegro,1989,
Montenegro,1990,
Montenegro,1991,
Montenegro,1992,
Montenegro,1993,
Montenegro,1994,
Montenegro,1995,
Montenegro,1996,
Montenegro,1997,
Montenegro,1998,
Montenegro,1999,
Montenegro,2000,
Montenegro,2001,
Montenegro,2002,
Montenegro,2003,
Montenegro,2004,
Montenegro,2005,0.0015400000000000001
Montenegro,2006,0.00086
Montenegro,2007,0.00229
Montenegro,2008,0.00056
Montenegro,2009,0.0
Montenegro,2010,0.0
Montenegro,2011,0.0013
Montenegro,2012,
Montenegro,2013,
Morocco,1978,
Morocco,1979,
Morocco,1980,
Morocco,1981,
Morocco,1982,
Morocco,1983,
Morocco,1984,
Morocco,1985,2.29
Morocco,1986,
Morocco,1987,
Morocco,1988,
Morocco,1989,
Morocco,1990,
Morocco,1991,0.616
Morocco,1992,
Morocco,1993,
Morocco,1994,
Morocco,1995,
Morocco,1996,
Morocco,1997,
Morocco,1998,
Morocco,1999,1.92
Morocco,2000,
Morocco,2001,1.82
Morocco,2002,
Morocco,2003,
Morocco,2004,
Morocco,2005,
Morocco,2006,
Morocco,2007,0.7879999999999999
Morocco,2008,
Morocco,2009,
Morocco,2010,
Morocco,2011,
Morocco,2012,
Morocco,2013,
Mozambique,1978,
Mozambique,1979,
Mozambique,1980,
Mozambique,1981,
Mozambique,1982,
Mozambique,1983,
Mozambique,1984,
Mozambique,1985,
Mozambique,1986,
Mozambique,1987,
Mozambique,1988,
Mozambique,1989,
Mozambique,1990,
Mozambique,1991,
Mozambique,1992,
Mozambique,1993,
Mozambique,1994,
Mozambique,1995,
Mozambique,1996,13.3
Mozambique,1997,
Mozambique,1998,
Mozambique,1999,
Mozambique,2000,
Mozambique,2001,
Mozambique,2002,
Mozambique,2003,14.8
Mozambique,2004,
Mozambique,2005,
Mozambique,2006,
Mozambique,2007,
Mozambique,2008,
Mozambique,2009,14.2
Mozambique,2010,
Mozambique,2011,
Mozambique,2012,
Mozambique,2013,
Namibia,1978,
Namibia,1979,
Namibia,1980,
Namibia,1981,
Namibia,1982,
Namibia,1983,
Namibia,1984,
Namibia,1985,
Namibia,1986,
Namibia,1987,
Namibia,1988,
Namibia,1989,
Namibia,1990,
Namibia,1991,
Namibia,1992,
Namibia,1993,0.7659999999999999
Namibia,1994,
Namibia,1995,
Namibia,1996,
Namibia,1997,
Namibia,1998,
Namibia,1999,
Namibia,2000,
Namibia,2001,
Namibia,2002,
Namibia,2003,
Namibia,2004,0.639
Namibia,2005,
Namibia,2006,
Namibia,2007,
Namibia,2008,
Namibia,2009,
Namibia,2010,0.513
Namibia,2011,
Namibia,2012,
Namibia,2013,
Nepal,1978,
Nepal,1979,
Nepal,1980,
Nepal,1981,
Nepal,1982,
Nepal,1983,
Nepal,1984,
Nepal,1985,12.6
Nepal,1986,
Nepal,1987,
Nepal,1988,
Nepal,1989,
Nepal,1990,
Nepal,1991,
Nepal,1992,
Nepal,1993,
Nepal,1994,
Nepal,1995,
Nepal,1996,14.3
Nepal,1997,
Nepal,1998,
Nepal,1999,
Nepal,2000,
Nepal,2001,
Nepal,2002,
Nepal,2003,13.0
Nepal,2004,
Nepal,2005,
Nepal,2006,
Nepal,2007,
Nepal,2008,
Nepal,2009,
Nepal,2010,6.37
Nepal,2011,
Nepal,2012,
Nepal,2013,
Netherlands,1978,
Netherlands,1979,
Netherlands,1980,
Netherlands,1981,
Netherlands,1982,
Netherlands,1983,0.0675
Netherlands,1984,
Netherlands,1985,
Netherlands,1986,
Netherlands,1987,0.19699999999999998
Netherlands,1988,
Netherlands,1989,
Netherlands,1990,0.2
Netherlands,1991,
Netherlands,1992,
Netherlands,1993,0.156
Netherlands,1994,
Netherlands,1995,
Netherlands,1996,
Netherlands,1997,
Netherlands,1998,
Netherlands,1999,0.0538
Netherlands,2000,
Netherlands,2001,
Netherlands,2002,
Netherlands,2003,
Netherlands,2004,0.111
Netherlands,2005,
Netherlands,2006,
Netherlands,2007,0.0606
Netherlands,2008,
Netherlands,2009,
Netherlands,2010,0.0582
Netherlands,2011,
Netherlands,2012,
Netherlands,2013,
Nicaragua,1978,
Nicaragua,1979,
Nicaragua,1980,
Nicaragua,1981,
Nicaragua,1982,
Nicaragua,1983,
Nicaragua,1984,
Nicaragua,1985,
Nicaragua,1986,
Nicaragua,1987,
Nicaragua,1988,
Nicaragua,1989,
Nicaragua,1990,
Nicaragua,1991,
Nicaragua,1992,
Nicaragua,1993,1.46
Nicaragua,1994,
Nicaragua,1995,
Nicaragua,1996,
Nicaragua,1997,
Nicaragua,1998,0.618
Nicaragua,1999,
Nicaragua,2000,
Nicaragua,2001,0.7440000000000001
Nicaragua,2002,
Nicaragua,2003,
Nicaragua,2004,
Nicaragua,2005,0.155
Nicaragua,2006,
Nicaragua,2007,
Nicaragua,2008,
Nicaragua,2009,0.49
Nicaragua,2010,
Nicaragua,2011,
Nicaragua,2012,
Nicaragua,2013,
Niger,1978,
Niger,1979,
Niger,1980,
Niger,1981,
Niger,1982,
Niger,1983,
Niger,1984,
Niger,1985,
Niger,1986,
Niger,1987,
Niger,1988,
Niger,1989,
Niger,1990,
Niger,1991,
Niger,1992,6.02
Niger,1993,
Niger,1994,6.92
Niger,1995,
Niger,1996,
Niger,1997,
Niger,1998,
Niger,1999,
Niger,2000,
Niger,2001,
Niger,2002,
Niger,2003,
Niger,2004,
Niger,2005,6.76
Niger,2006,
Niger,2007,
Niger,2008,6.2
Niger,2009,
Niger,2010,
Niger,2011,6.74
Niger,2012,
Niger,2013,
Nigeria,1978,
Nigeria,1979,
Nigeria,1980,
Nigeria,1981,
Nigeria,1982,
Nigeria,1983,
Nigeria,1984,
Nigeria,1985,
Nigeria,1986,46.5
Nigeria,1987,
Nigeria,1988,
Nigeria,1989,
Nigeria,1990,
Nigeria,1991,
Nigeria,1992,62.3
Nigeria,1993,
Nigeria,1994,
Nigeria,1995,
Nigeria,1996,76.3
Nigeria,1997,
Nigeria,1998,
Nigeria,1999,
Nigeria,2000,
Nigeria,2001,
Nigeria,2002,
Nigeria,2003,
Nigeria,2004,84.1
Nigeria,2005,
Nigeria,2006,
Nigeria,2007,
Nigeria,2008,
Nigeria,2009,
Nigeria,2010,99.1
Nigeria,2011,
Nigeria,2012,
Nigeria,2013,
Norway,1978,
Norway,1979,
Norway,1980,
Norway,1981,
Norway,1982,
Norway,1983,
Norway,1984,
Norway,1985,
Norway,1986,0.0142
Norway,1987,
Norway,1988,
Norway,1989,
Norway,1990,
Norway,1991,0.0153
Norway,1992,
Norway,1993,
Norway,1994,
Norway,1995,0.0157
Norway,1996,
Norway,1997,
Norway,1998,
Norway,1999,
Norway,2000,0.0153
Norway,2001,
Norway,2002,
Norway,2003,
Norway,2004,0.0156
Norway,2005,
Norway,2006,
Norway,2007,0.0155
Norway,2008,
Norway,2009,
Norway,2010,0.0328
Norway,2011,
Norway,2012,
Norway,2013,
Pakistan,1978,
Pakistan,1979,
Pakistan,1980,
Pakistan,1981,
Pakistan,1982,
Pakistan,1983,
Pakistan,1984,
Pakistan,1985,
Pakistan,1986,
Pakistan,1987,67.3
Pakistan,1988,
Pakistan,1989,
Pakistan,1990,
Pakistan,1991,73.9
Pakistan,1992,
Pakistan,1993,
Pakistan,1994,
Pakistan,1995,
Pakistan,1996,
Pakistan,1997,64.3
Pakistan,1998,
Pakistan,1999,40.8
Pakistan,2000,
Pakistan,2001,
Pakistan,2002,53.7
Pakistan,2003,
Pakistan,2004,
Pakistan,2005,35.7
Pakistan,2006,36.3
Pakistan,2007,
Pakistan,2008,28.6
Pakistan,2009,
Pakistan,2010,
Pakistan,2011,22.4
Pakistan,2012,
Pakistan,2013,
Palestine,1978,
Palestine,1979,
Palestine,1980,
Palestine,1981,
Palestine,1982,
Palestine,1983,
Palestine,1984,
Palestine,1985,
Palestine,1986,
Palestine,1987,
Palestine,1988,
Palestine,1989,
Palestine,1990,
Palestine,1991,
Palestine,1992,
Palestine,1993,
Palestine,1994,
Palestine,1995,
Palestine,1996,
Palestine,1997,
Palestine,1998,
Palestine,1999,
Palestine,2000,
Palestine,2001,
Palestine,2002,
Palestine,2003,
Palestine,2004,0.00744
Palestine,2005,
Palestine,2006,
Palestine,2007,0.0321
Palestine,2008,
Palestine,2009,0.00296
Palestine,2010,
Palestine,2011,
Palestine,2012,
Palestine,2013,
Panama,1978,
Panama,1979,0.155
Panama,1980,
Panama,1981,
Panama,1982,
Panama,1983,
Panama,1984,
Panama,1985,
Panama,1986,
Panama,1987,
Panama,1988,
Panama,1989,0.557
Panama,1990,
Panama,1991,0.53
Panama,1992,
Panama,1993,
Panama,1994,
Panama,1995,0.433
Panama,1996,
Panama,1997,0.419
Panama,1998,0.433
Panama,1999,0.379
Panama,2000,0.42200000000000004
Panama,2001,
Panama,2002,0.35200000000000004
Panama,2003,0.34600000000000003
Panama,2004,0.32799999999999996
Panama,2005,0.319
Panama,2006,0.349
Panama,2007,0.251
Panama,2008,0.168
Panama,2009,0.10800000000000001
Panama,2010,0.141
Panama,2011,0.133
Panama,2012,0.152
Panama,2013,
Papua New Guinea,1978,
Papua New Guinea,1979,
Papua New Guinea,1980,
Papua New Guinea,1981,
Papua New Guinea,1982,
Papua New Guinea,1983,
Papua New Guinea,1984,
Papua New Guinea,1985,
Papua New Guinea,1986,
Papua New Guinea,1987,
Papua New Guinea,1988,
Papua New Guinea,1989,
Papua New Guinea,1990,
Papua New Guinea,1991,
Papua New Guinea,1992,
Papua New Guinea,1993,
Papua New Guinea,1994,
Papua New Guinea,1995,
Papua New Guinea,1996,1.73
Papua New Guinea,1997,
Papua New Guinea,1998,
Papua New Guinea,1999,
Papua New Guinea,2000,
Papua New Guinea,2001,
Papua New Guinea,2002,
Papua New Guinea,2003,
Papua New Guinea,2004,
Papua New Guinea,2005,
Papua New Guinea,2006,
Papua New Guinea,2007,
Papua New Guinea,2008,
Papua New Guinea,2009,
Papua New Guinea,2010,
Papua New Guinea,2011,
Papua New Guinea,2012,
Papua New Guinea,2013,
Paraguay,1978,
Paraguay,1979,
Paraguay,1980,
Paraguay,1981,
Paraguay,1982,
Paraguay,1983,
Paraguay,1984,
Paraguay,1985,
Paraguay,1986,
Paraguay,1987,
Paraguay,1988,
Paraguay,1989,
Paraguay,1990,0.0446
Paraguay,1991,
Paraguay,1992,
Paraguay,1993,
Paraguay,1994,
Paraguay,1995,0.552
Paraguay,1996,
Paraguay,1997,
Paraguay,1998,0.49200000000000005
Paraguay,1999,0.49
Paraguay,2000,
Paraguay,2001,0.442
Paraguay,2002,0.698
Paraguay,2003,0.444
Paraguay,2004,0.32299999999999995
Paraguay,2005,0.36
Paraguay,2006,0.523
Paraguay,2007,0.457
Paraguay,2008,0.26899999999999996
Paraguay,2009,0.36200000000000004
Paraguay,2010,0.344
Paraguay,2011,0.29100000000000004
Paraguay,2012,0.203
Paraguay,2013,
Peru,1978,
Peru,1979,
Peru,1980,
Peru,1981,
Peru,1982,
Peru,1983,
Peru,1984,
Peru,1985,
Peru,1986,2.27
Peru,1987,
Peru,1988,
Peru,1989,
Peru,1990,
Peru,1991,
Peru,1992,
Peru,1993,
Peru,1994,2.31
Peru,1995,
Peru,1996,
Peru,1997,0.24
Peru,1998,3.62
Peru,1999,4.05
Peru,2000,3.25
Peru,2001,3.53
Peru,2002,3.09
Peru,2003,2.42
Peru,2004,1.85
Peru,2005,2.17
Peru,2006,1.8
Peru,2007,1.79
Peru,2008,1.39
Peru,2009,1.01
Peru,2010,0.799
Peru,2011,0.88
Peru,2012,0.867
Peru,2013,
Philippines,1978,
Philippines,1979,
Philippines,1980,
Philippines,1981,
Philippines,1982,
Philippines,1983,
Philippines,1984,
Philippines,1985,21.2
Philippines,1986,
Philippines,1987,
Philippines,1988,19.8
Philippines,1989,
Philippines,1990,
Philippines,1991,21.0
Philippines,1992,
Philippines,1993,
Philippines,1994,20.8
Philippines,1995,
Philippines,1996,
Philippines,1997,17.3
Philippines,1998,
Philippines,1999,
Philippines,2000,19.1
Philippines,2001,
Philippines,2002,
Philippines,2003,18.9
Philippines,2004,
Philippines,2005,
Philippines,2006,19.7
Philippines,2007,
Philippines,2008,
Philippines,2009,16.6
Philippines,2010,
Philippines,2011,
Philippines,2012,18.3
Philippines,2013,
Poland,1978,
Poland,1979,
Poland,1980,
Poland,1981,
Poland,1982,
Poland,1983,
Poland,1984,
Poland,1985,0.0484
Poland,1986,
Poland,1987,0.0377
Poland,1988,
Poland,1989,0.0304
Poland,1990,
Poland,1991,
Poland,1992,0.0115
Poland,1993,
Poland,1994,
Poland,1995,
Poland,1996,0.541
Poland,1997,
Poland,1998,0.0
Poland,1999,0.0155
Poland,2000,0.0191
Poland,2001,0.0191
Poland,2002,0.00765
Poland,2003,
Poland,2004,0.0191
Poland,2005,0.0305
Poland,2006,0.00381
Poland,2007,0.00762
Poland,2008,0.00381
Poland,2009,0.0
Poland,2010,0.0
Poland,2011,0.0
Poland,2012,
Poland,2013,
Romania,1978,
Romania,1979,
Romania,1980,
Romania,1981,
Romania,1982,
Romania,1983,
Romania,1984,
Romania,1985,
Romania,1986,
Romania,1987,
Romania,1988,
Romania,1989,0.0672
Romania,1990,
Romania,1991,
Romania,1992,0.0912
Romania,1993,
Romania,1994,1.13
Romania,1995,
Romania,1996,
Romania,1997,
Romania,1998,0.38
Romania,1999,0.649
Romania,2000,
Romania,2001,0.544
Romania,2002,0.5720000000000001
Romania,2003,0.33899999999999997
Romania,2004,0.0
Romania,2005,0.0
Romania,2006,0.0
Romania,2007,0.0
Romania,2008,0.0
Romania,2009,0.0
Romania,2010,0.0
Romania,2011,0.0
Romania,2012,0.0
Romania,2013,
Russia,1978,
Russia,1979,
Russia,1980,
Russia,1981,
Russia,1982,
Russia,1983,
Russia,1984,
Russia,1985,
Russia,1986,
Russia,1987,
Russia,1988,0.7490000000000001
Russia,1989,
Russia,1990,
Russia,1991,
Russia,1992,
Russia,1993,2.23
Russia,1994,
Russia,1995,
Russia,1996,4.16
Russia,1997,
Russia,1998,
Russia,1999,4.0
Russia,2000,
Russia,2001,1.3
Russia,2002,0.742
Russia,2003,0.55
Russia,2004,1.01
Russia,2005,0.315
Russia,2006,0.242
Russia,2007,0.128
Russia,2008,0.0
Russia,2009,0.0426
Russia,2010,
Russia,2011,
Russia,2012,
Russia,2013,
Rwanda,1978,
Rwanda,1979,
Rwanda,1980,
Rwanda,1981,
Rwanda,1982,
Rwanda,1983,
Rwanda,1984,
Rwanda,1985,3.87
Rwanda,1986,
Rwanda,1987,
Rwanda,1988,
Rwanda,1989,
Rwanda,1990,
Rwanda,1991,
Rwanda,1992,
Rwanda,1993,
Rwanda,1994,
Rwanda,1995,
Rwanda,1996,
Rwanda,1997,
Rwanda,1998,
Rwanda,1999,
Rwanda,2000,6.66
Rwanda,2001,
Rwanda,2002,
Rwanda,2003,
Rwanda,2004,
Rwanda,2005,
Rwanda,2006,6.95
Rwanda,2007,
Rwanda,2008,
Rwanda,2009,
Rwanda,2010,
Rwanda,2011,7.02
Rwanda,2012,
Rwanda,2013,
Sao Tome and Principe,1978,
Sao Tome and Principe,1979,
Sao Tome and Principe,1980,
Sao Tome and Principe,1981,
Sao Tome and Principe,1982,
Sao Tome and Principe,1983,
Sao Tome and Principe,1984,
Sao Tome and Principe,1985,
Sao Tome and Principe,1986,
Sao Tome and Principe,1987,
Sao Tome and Principe,1988,
Sao Tome and Principe,1989,
Sao Tome and Principe,1990,
Sao Tome and Principe,1991,
Sao Tome and Principe,1992,
Sao Tome and Principe,1993,
Sao Tome and Principe,1994,
Sao Tome and Principe,1995,
Sao Tome and Principe,1996,
Sao Tome and Principe,1997,
Sao Tome and Principe,1998,
Sao Tome and Principe,1999,
Sao Tome and Principe,2000,
Sao Tome and Principe,2001,0.0399
Sao Tome and Principe,2002,
Sao Tome and Principe,2003,
Sao Tome and Principe,2004,
Sao Tome and Principe,2005,
Sao Tome and Principe,2006,
Sao Tome and Principe,2007,
Sao Tome and Principe,2008,
Sao Tome and Principe,2009,
Sao Tome and Principe,2010,0.0776
Sao Tome and Principe,2011,
Sao Tome and Principe,2012,
Sao Tome and Principe,2013,
Senegal,1978,
Senegal,1979,
Senegal,1980,
Senegal,1981,
Senegal,1982,
Senegal,1983,
Senegal,1984,
Senegal,1985,
Senegal,1986,
Senegal,1987,
Senegal,1988,
Senegal,1989,
Senegal,1990,
Senegal,1991,5.09
Senegal,1992,
Senegal,1993,
Senegal,1994,4.53
Senegal,1995,
Senegal,1996,
Senegal,1997,
Senegal,1998,
Senegal,1999,
Senegal,2000,
Senegal,2001,4.47
Senegal,2002,
Senegal,2003,
Senegal,2004,
Senegal,2005,3.78
Senegal,2006,
Senegal,2007,
Senegal,2008,
Senegal,2009,
Senegal,2010,
Senegal,2011,4.54
Senegal,2012,
Senegal,2013,
Serbia,1978,
Serbia,1979,
Serbia,1980,
Serbia,1981,
Serbia,1982,
Serbia,1983,
Serbia,1984,
Serbia,1985,
Serbia,1986,
Serbia,1987,
Serbia,1988,
Serbia,1989,
Serbia,1990,
Serbia,1991,
Serbia,1992,
Serbia,1993,
Serbia,1994,
Serbia,1995,
Serbia,1996,
Serbia,1997,
Serbia,1998,
Serbia,1999,
Serbia,2000,
Serbia,2001,
Serbia,2002,0.0195
Serbia,2003,0.0232
Serbia,2004,0.0306
Serbia,2005,0.0439
Serbia,2006,0.0185
Serbia,2007,0.00886
Serbia,2008,0.00294
Serbia,2009,0.00513
Serbia,2010,0.00365
Serbia,2011,
Serbia,2012,
Serbia,2013,
Seychelles,1978,
Seychelles,1979,
Seychelles,1980,
Seychelles,1981,
Seychelles,1982,
Seychelles,1983,
Seychelles,1984,
Seychelles,1985,
Seychelles,1986,
Seychelles,1987,
Seychelles,1988,
Seychelles,1989,
Seychelles,1990,
Seychelles,1991,
Seychelles,1992,
Seychelles,1993,
Seychelles,1994,
Seychelles,1995,
Seychelles,1996,
Seychelles,1997,
Seychelles,1998,
Seychelles,1999,
Seychelles,2000,0.0
Seychelles,2001,
Seychelles,2002,
Seychelles,2003,
Seychelles,2004,
Seychelles,2005,
Seychelles,2006,
Seychelles,2007,0.00021
Seychelles,2008,
Seychelles,2009,
Seychelles,2010,
Seychelles,2011,
Seychelles,2012,
Seychelles,2013,
Sierra Leone,1978,
Sierra Leone,1979,
Sierra Leone,1980,
Sierra Leone,1981,
Sierra Leone,1982,
Sierra Leone,1983,
Sierra Leone,1984,
Sierra Leone,1985,
Sierra Leone,1986,
Sierra Leone,1987,
Sierra Leone,1988,
Sierra Leone,1989,
Sierra Leone,1990,2.54
Sierra Leone,1991,
Sierra Leone,1992,
Sierra Leone,1993,
Sierra Leone,1994,
Sierra Leone,1995,
Sierra Leone,1996,
Sierra Leone,1997,
Sierra Leone,1998,
Sierra Leone,1999,
Sierra Leone,2000,
Sierra Leone,2001,
Sierra Leone,2002,
Sierra Leone,2003,2.8
Sierra Leone,2004,
Sierra Leone,2005,
Sierra Leone,2006,
Sierra Leone,2007,
Sierra Leone,2008,
Sierra Leone,2009,
Sierra Leone,2010,
Sierra Leone,2011,3.32
Sierra Leone,2012,
Sierra Leone,2013,
Slovak Republic,1978,
Slovak Republic,1979,
Slovak Republic,1980,
Slovak Republic,1981,
Slovak Republic,1982,
Slovak Republic,1983,
Slovak Republic,1984,
Slovak Republic,1985,
Slovak Republic,1986,
Slovak Republic,1987,
Slovak Republic,1988,0.0
Slovak Republic,1989,
Slovak Republic,1990,
Slovak Republic,1991,
Slovak Republic,1992,0.0
Slovak Republic,1993,
Slovak Republic,1994,
Slovak Republic,1995,
Slovak Republic,1996,0.00967
Slovak Republic,1997,
Slovak Republic,1998,
Slovak Republic,1999,
Slovak Republic,2000,
Slovak Republic,2001,
Slovak Republic,2002,
Slovak Republic,2003,
Slovak Republic,2004,0.00913
Slovak Republic,2005,0.0026899999999999997
Slovak Republic,2006,0.0
Slovak Republic,2007,
Slovak Republic,2008,0.0
Slovak Republic,2009,0.0
Slovak Republic,2010,0.0216
Slovak Republic,2011,0.0162
Slovak Republic,2012,
Slovak Republic,2013,
Slovenia,1978,
Slovenia,1979,
Slovenia,1980,
Slovenia,1981,
Slovenia,1982,
Slovenia,1983,
Slovenia,1984,
Slovenia,1985,
Slovenia,1986,
Slovenia,1987,0.0004
Slovenia,1988,
Slovenia,1989,
Slovenia,1990,
Slovenia,1991,
Slovenia,1992,
Slovenia,1993,0.0006
Slovenia,1994,
Slovenia,1995,
Slovenia,1996,
Slovenia,1997,
Slovenia,1998,0.0004
Slovenia,1999,
Slovenia,2000,
Slovenia,2001,
Slovenia,2002,0.001
Slovenia,2003,0.0
Slovenia,2004,0.0012
Slovenia,2005,0.0016
Slovenia,2006,0.001
Slovenia,2007,
Slovenia,2008,0.0002
Slovenia,2009,
Slovenia,2010,0.0002
Slovenia,2011,0.0
Slovenia,2012,
Slovenia,2013,
South Africa,1978,
South Africa,1979,
South Africa,1980,
South Africa,1981,
South Africa,1982,
South Africa,1983,
South Africa,1984,
South Africa,1985,
South Africa,1986,
South Africa,1987,
South Africa,1988,
South Africa,1989,
South Africa,1990,
South Africa,1991,
South Africa,1992,
South Africa,1993,9.11
South Africa,1994,
South Africa,1995,8.38
South Africa,1996,
South Africa,1997,
South Africa,1998,
South Africa,1999,
South Africa,2000,11.5
South Africa,2001,
South Africa,2002,
South Africa,2003,
South Africa,2004,
South Africa,2005,
South Africa,2006,8.07
South Africa,2007,
South Africa,2008,
South Africa,2009,6.87
South Africa,2010,
South Africa,2011,4.86
South Africa,2012,
South Africa,2013,
Spain,1978,
Spain,1979,
Spain,1980,0.251
Spain,1981,
Spain,1982,
Spain,1983,
Spain,1984,
Spain,1985,
Spain,1986,
Spain,1987,
Spain,1988,
Spain,1989,
Spain,1990,0.132
Spain,1991,
Spain,1992,
Spain,1993,
Spain,1994,
Spain,1995,0.6579999999999999
Spain,1996,
Spain,1997,
Spain,1998,
Spain,1999,
Spain,2000,0.133
Spain,2001,
Spain,2002,
Spain,2003,
Spain,2004,0.575
Spain,2005,
Spain,2006,
Spain,2007,0.452
Spain,2008,
Spain,2009,
Spain,2010,1.09
Spain,2011,
Spain,2012,
Spain,2013,
Sri Lanka,1978,
Sri Lanka,1979,
Sri Lanka,1980,
Sri Lanka,1981,
Sri Lanka,1982,
Sri Lanka,1983,
Sri Lanka,1984,
Sri Lanka,1985,3.16
Sri Lanka,1986,
Sri Lanka,1987,
Sri Lanka,1988,
Sri Lanka,1989,
Sri Lanka,1990,
Sri Lanka,1991,2.59
Sri Lanka,1992,
Sri Lanka,1993,
Sri Lanka,1994,
Sri Lanka,1995,
Sri Lanka,1996,2.99
Sri Lanka,1997,
Sri Lanka,1998,
Sri Lanka,1999,
Sri Lanka,2000,
Sri Lanka,2001,
Sri Lanka,2002,2.64
Sri Lanka,2003,
Sri Lanka,2004,
Sri Lanka,2005,
Sri Lanka,2006,
Sri Lanka,2007,1.41
Sri Lanka,2008,
Sri Lanka,2009,
Sri Lanka,2010,0.8490000000000001
Sri Lanka,2011,
Sri Lanka,2012,
Sri Lanka,2013,
St. Lucia,1978,
St. Lucia,1979,
St. Lucia,1980,
St. Lucia,1981,
St. Lucia,1982,
St. Lucia,1983,
St. Lucia,1984,
St. Lucia,1985,
St. Lucia,1986,
St. Lucia,1987,
St. Lucia,1988,
St. Lucia,1989,
St. Lucia,1990,
St. Lucia,1991,
St. Lucia,1992,
St. Lucia,1993,
St. Lucia,1994,
St. Lucia,1995,0.0308
St. Lucia,1996,
St. Lucia,1997,
St. Lucia,1998,
St. Lucia,1999,
St. Lucia,2000,
St. Lucia,2001,
St. Lucia,2002,
St. Lucia,2003,
St. Lucia,2004,
St. Lucia,2005,
St. Lucia,2006,
St. Lucia,2007,
St. Lucia,2008,
St. Lucia,2009,
St. Lucia,2010,
St. Lucia,2011,
St. Lucia,2012,
St. Lucia,2013,
Sudan,1978,
Sudan,1979,
Sudan,1980,
Sudan,1981,
Sudan,1982,
Sudan,1983,
Sudan,1984,
Sudan,1985,
Sudan,1986,
Sudan,1987,
Sudan,1988,
Sudan,1989,
Sudan,1990,
Sudan,1991,
Sudan,1992,
Sudan,1993,
Sudan,1994,
Sudan,1995,
Sudan,1996,
Sudan,1997,
Sudan,1998,
Sudan,1999,
Sudan,2000,
Sudan,2001,
Sudan,2002,
Sudan,2003,
Sudan,2004,
Sudan,2005,
Sudan,2006,
Sudan,2007,
Sudan,2008,
Sudan,2009,6.9
Sudan,2010,
Sudan,2011,
Sudan,2012,
Sudan,2013,
Suriname,1978,
Suriname,1979,
Suriname,1980,
Suriname,1981,
Suriname,1982,
Suriname,1983,
Suriname,1984,
Suriname,1985,
Suriname,1986,
Suriname,1987,
Suriname,1988,
Suriname,1989,
Suriname,1990,
Suriname,1991,
Suriname,1992,
Suriname,1993,
Suriname,1994,
Suriname,1995,
Suriname,1996,
Suriname,1997,
Suriname,1998,
Suriname,1999,0.0715
Suriname,2000,
Suriname,2001,
Suriname,2002,
Suriname,2003,
Suriname,2004,
Suriname,2005,
Suriname,2006,
Suriname,2007,
Suriname,2008,
Suriname,2009,
Suriname,2010,
Suriname,2011,
Suriname,2012,
Suriname,2013,
Swaziland,1978,
Swaziland,1979,
Swaziland,1980,
Swaziland,1981,
Swaziland,1982,
Swaziland,1983,
Swaziland,1984,
Swaziland,1985,
Swaziland,1986,
Swaziland,1987,
Swaziland,1988,
Swaziland,1989,
Swaziland,1990,
Swaziland,1991,
Swaziland,1992,
Swaziland,1993,
Swaziland,1994,
Swaziland,1995,0.757
Swaziland,1996,
Swaziland,1997,
Swaziland,1998,
Swaziland,1999,
Swaziland,2000,
Swaziland,2001,0.462
Swaziland,2002,
Swaziland,2003,
Swaziland,2004,
Swaziland,2005,
Swaziland,2006,
Swaziland,2007,
Swaziland,2008,
Swaziland,2009,
Swaziland,2010,0.469
Swaziland,2011,
Swaziland,2012,
Swaziland,2013,
Sweden,1978,
Sweden,1979,
Sweden,1980,
Sweden,1981,0.0341
Sweden,1982,
Sweden,1983,
Sweden,1984,
Sweden,1985,
Sweden,1986,
Sweden,1987,0.0294
Sweden,1988,
Sweden,1989,
Sweden,1990,
Sweden,1991,
Sweden,1992,0.0286
Sweden,1993,
Sweden,1994,
Sweden,1995,0.03
Sweden,1996,
Sweden,1997,
Sweden,1998,
Sweden,1999,
Sweden,2000,0.0302
Sweden,2001,
Sweden,2002,
Sweden,2003,
Sweden,2004,
Sweden,2005,0.0316
Sweden,2006,
Sweden,2007,
Sweden,2008,
Sweden,2009,
Sweden,2010,
Sweden,2011,
Sweden,2012,
Sweden,2013,
Switzerland,1978,
Switzerland,1979,
Switzerland,1980,
Switzerland,1981,
Switzerland,1982,0.0441
Switzerland,1983,
Switzerland,1984,
Switzerland,1985,
Switzerland,1986,
Switzerland,1987,
Switzerland,1988,
Switzerland,1989,
Switzerland,1990,
Switzerland,1991,
Switzerland,1992,0.23
Switzerland,1993,
Switzerland,1994,
Switzerland,1995,
Switzerland,1996,
Switzerland,1997,
Switzerland,1998,
Switzerland,1999,
Switzerland,2000,0.0244
Switzerland,2001,
Switzerland,2002,0.0248
Switzerland,2003,
Switzerland,2004,0.0495
Switzerland,2005,
Switzerland,2006,
Switzerland,2007,
Switzerland,2008,
Switzerland,2009,
Switzerland,2010,
Switzerland,2011,
Switzerland,2012,
Switzerland,2013,
Syria,1978,
Syria,1979,
Syria,1980,
Syria,1981,
Syria,1982,
Syria,1983,
Syria,1984,
Syria,1985,
Syria,1986,
Syria,1987,
Syria,1988,
Syria,1989,
Syria,1990,
Syria,1991,
Syria,1992,
Syria,1993,
Syria,1994,
Syria,1995,
Syria,1996,
Syria,1997,
Syria,1998,
Syria,1999,
Syria,2000,
Syria,2001,
Syria,2002,
Syria,2003,
Syria,2004,0.302
Syria,2005,
Syria,2006,
Syria,2007,
Syria,2008,
Syria,2009,
Syria,2010,
Syria,2011,
Syria,2012,
Syria,2013,
Tajikistan,1978,
Tajikistan,1979,
Tajikistan,1980,
Tajikistan,1981,
Tajikistan,1982,
Tajikistan,1983,
Tajikistan,1984,
Tajikistan,1985,
Tajikistan,1986,
Tajikistan,1987,
Tajikistan,1988,
Tajikistan,1989,
Tajikistan,1990,
Tajikistan,1991,
Tajikistan,1992,
Tajikistan,1993,
Tajikistan,1994,
Tajikistan,1995,
Tajikistan,1996,
Tajikistan,1997,
Tajikistan,1998,
Tajikistan,1999,3.05
Tajikistan,2000,
Tajikistan,2001,
Tajikistan,2002,
Tajikistan,2003,2.31
Tajikistan,2004,1.38
Tajikistan,2005,
Tajikistan,2006,
Tajikistan,2007,0.866
Tajikistan,2008,
Tajikistan,2009,0.48200000000000004
Tajikistan,2010,
Tajikistan,2011,
Tajikistan,2012,
Tajikistan,2013,
Tanzania,1978,
Tanzania,1979,
Tanzania,1980,
Tanzania,1981,
Tanzania,1982,
Tanzania,1983,
Tanzania,1984,
Tanzania,1985,
Tanzania,1986,
Tanzania,1987,
Tanzania,1988,
Tanzania,1989,
Tanzania,1990,
Tanzania,1991,
Tanzania,1992,19.6
Tanzania,1993,
Tanzania,1994,
Tanzania,1995,
Tanzania,1996,
Tanzania,1997,
Tanzania,1998,
Tanzania,1999,
Tanzania,2000,28.7
Tanzania,2001,
Tanzania,2002,
Tanzania,2003,
Tanzania,2004,
Tanzania,2005,
Tanzania,2006,
Tanzania,2007,27.9
Tanzania,2008,
Tanzania,2009,
Tanzania,2010,
Tanzania,2011,
Tanzania,2012,20.8
Tanzania,2013,
Thailand,1978,
Thailand,1979,
Thailand,1980,
Thailand,1981,10.6
Thailand,1982,
Thailand,1983,
Thailand,1984,
Thailand,1985,
Thailand,1986,
Thailand,1987,
Thailand,1988,9.48
Thailand,1989,
Thailand,1990,6.54
Thailand,1991,
Thailand,1992,4.96
Thailand,1993,
Thailand,1994,2.4
Thailand,1995,
Thailand,1996,1.7
Thailand,1997,
Thailand,1998,1.27
Thailand,1999,2.23
Thailand,2000,1.89
Thailand,2001,
Thailand,2002,1.05
Thailand,2003,
Thailand,2004,
Thailand,2005,
Thailand,2006,0.665
Thailand,2007,
Thailand,2008,0.212
Thailand,2009,
Thailand,2010,0.20600000000000002
Thailand,2011,
Thailand,2012,
Thailand,2013,
Timor-Leste,1978,
Timor-Leste,1979,
Timor-Leste,1980,
Timor-Leste,1981,
Timor-Leste,1982,
Timor-Leste,1983,
Timor-Leste,1984,
Timor-Leste,1985,
Timor-Leste,1986,
Timor-Leste,1987,
Timor-Leste,1988,
Timor-Leste,1989,
Timor-Leste,1990,
Timor-Leste,1991,
Timor-Leste,1992,
Timor-Leste,1993,
Timor-Leste,1994,
Timor-Leste,1995,
Timor-Leste,1996,
Timor-Leste,1997,
Timor-Leste,1998,
Timor-Leste,1999,
Timor-Leste,2000,
Timor-Leste,2001,
Timor-Leste,2002,
Timor-Leste,2003,
Timor-Leste,2004,
Timor-Leste,2005,
Timor-Leste,2006,
Timor-Leste,2007,0.354
Timor-Leste,2008,
Timor-Leste,2009,
Timor-Leste,2010,
Timor-Leste,2011,
Timor-Leste,2012,
Timor-Leste,2013,
Togo,1978,
Togo,1979,
Togo,1980,
Togo,1981,
Togo,1982,
Togo,1983,
Togo,1984,
Togo,1985,
Togo,1986,
Togo,1987,
Togo,1988,
Togo,1989,
Togo,1990,
Togo,1991,
Togo,1992,
Togo,1993,
Togo,1994,
Togo,1995,
Togo,1996,
Togo,1997,
Togo,1998,
Togo,1999,
Togo,2000,
Togo,2001,
Togo,2002,
Togo,2003,
Togo,2004,
Togo,2005,
Togo,2006,3.02
Togo,2007,
Togo,2008,
Togo,2009,
Togo,2010,
Togo,2011,3.4
Togo,2012,
Togo,2013,
Trinidad and Tobago,1978,
Trinidad and Tobago,1979,
Trinidad and Tobago,1980,
Trinidad and Tobago,1981,
Trinidad and Tobago,1982,
Trinidad and Tobago,1983,
Trinidad and Tobago,1984,
Trinidad and Tobago,1985,
Trinidad and Tobago,1986,
Trinidad and Tobago,1987,
Trinidad and Tobago,1988,0.0171
Trinidad and Tobago,1989,
Trinidad and Tobago,1990,
Trinidad and Tobago,1991,
Trinidad and Tobago,1992,0.0515
Trinidad and Tobago,1993,
Trinidad and Tobago,1994,
Trinidad and Tobago,1995,
Trinidad and Tobago,1996,
Trinidad and Tobago,1997,
Trinidad and Tobago,1998,
Trinidad and Tobago,1999,
Trinidad and Tobago,2000,
Trinidad and Tobago,2001,
Trinidad and Tobago,2002,
Trinidad and Tobago,2003,
Trinidad and Tobago,2004,
Trinidad and Tobago,2005,
Trinidad and Tobago,2006,
Trinidad and Tobago,2007,
Trinidad and Tobago,2008,
Trinidad and Tobago,2009,
Trinidad and Tobago,2010,
Trinidad and Tobago,2011,
Trinidad and Tobago,2012,
Trinidad and Tobago,2013,
Tunisia,1978,
Tunisia,1979,
Tunisia,1980,
Tunisia,1981,
Tunisia,1982,
Tunisia,1983,
Tunisia,1984,
Tunisia,1985,0.627
Tunisia,1986,
Tunisia,1987,
Tunisia,1988,
Tunisia,1989,
Tunisia,1990,0.478
Tunisia,1991,
Tunisia,1992,
Tunisia,1993,
Tunisia,1994,
Tunisia,1995,0.58
Tunisia,1996,
Tunisia,1997,
Tunisia,1998,
Tunisia,1999,
Tunisia,2000,0.244
Tunisia,2001,
Tunisia,2002,
Tunisia,2003,
Tunisia,2004,
Tunisia,2005,0.138
Tunisia,2006,
Tunisia,2007,
Tunisia,2008,
Tunisia,2009,
Tunisia,2010,0.0781
Tunisia,2011,
Tunisia,2012,
Tunisia,2013,
Turkey,1978,
Turkey,1979,
Turkey,1980,
Turkey,1981,
Turkey,1982,
Turkey,1983,
Turkey,1984,
Turkey,1985,
Turkey,1986,
Turkey,1987,0.594
Turkey,1988,
Turkey,1989,
Turkey,1990,
Turkey,1991,
Turkey,1992,
Turkey,1993,
Turkey,1994,1.06
Turkey,1995,
Turkey,1996,
Turkey,1997,
Turkey,1998,
Turkey,1999,
Turkey,2000,
Turkey,2001,
Turkey,2002,0.748
Turkey,2003,1.89
Turkey,2004,0.943
Turkey,2005,0.982
Turkey,2006,0.9259999999999999
Turkey,2007,0.66
Turkey,2008,0.0704
Turkey,2009,0.257
Turkey,2010,0.426
Turkey,2011,0.0585
Turkey,2012,
Turkey,2013,
Turkmenistan,1978,
Turkmenistan,1979,
Turkmenistan,1980,
Turkmenistan,1981,
Turkmenistan,1982,
Turkmenistan,1983,
Turkmenistan,1984,
Turkmenistan,1985,
Turkmenistan,1986,
Turkmenistan,1987,
Turkmenistan,1988,0.501
Turkmenistan,1989,
Turkmenistan,1990,
Turkmenistan,1991,
Turkmenistan,1992,
Turkmenistan,1993,2.54
Turkmenistan,1994,
Turkmenistan,1995,
Turkmenistan,1996,
Turkmenistan,1997,
Turkmenistan,1998,1.09
Turkmenistan,1999,
Turkmenistan,2000,
Turkmenistan,2001,
Turkmenistan,2002,
Turkmenistan,2003,
Turkmenistan,2004,
Turkmenistan,2005,
Turkmenistan,2006,
Turkmenistan,2007,
Turkmenistan,2008,
Turkmenistan,2009,
Turkmenistan,2010,
Turkmenistan,2011,
Turkmenistan,2012,
Turkmenistan,2013,
Uganda,1978,
Uganda,1979,
Uganda,1980,
Uganda,1981,
Uganda,1982,
Uganda,1983,
Uganda,1984,
Uganda,1985,
Uganda,1986,
Uganda,1987,
Uganda,1988,
Uganda,1989,12.0
Uganda,1990,
Uganda,1991,
Uganda,1992,13.5
Uganda,1993,
Uganda,1994,
Uganda,1995,
Uganda,1996,13.5
Uganda,1997,
Uganda,1998,
Uganda,1999,14.0
Uganda,2000,
Uganda,2001,
Uganda,2002,14.7
Uganda,2003,
Uganda,2004,
Uganda,2005,
Uganda,2006,15.4
Uganda,2007,
Uganda,2008,
Uganda,2009,12.5
Uganda,2010,
Uganda,2011,
Uganda,2012,
Uganda,2013,14.2
Ukraine,1978,
Ukraine,1979,
Ukraine,1980,
Ukraine,1981,
Ukraine,1982,
Ukraine,1983,
Ukraine,1984,
Ukraine,1985,
Ukraine,1986,
Ukraine,1987,
Ukraine,1988,0.912
Ukraine,1989,
Ukraine,1990,
Ukraine,1991,
Ukraine,1992,0.0157
Ukraine,1993,
Ukraine,1994,
Ukraine,1995,1.01
Ukraine,1996,0.985
Ukraine,1997,
Ukraine,1998,
Ukraine,1999,1.01
Ukraine,2000,
Ukraine,2001,
Ukraine,2002,0.203
Ukraine,2003,0.0526
Ukraine,2004,0.019
Ukraine,2005,0.0236
Ukraine,2006,0.0655
Ukraine,2007,0.0279
Ukraine,2008,0.0
Ukraine,2009,0.0276
Ukraine,2010,0.0
Ukraine,2011,
Ukraine,2012,
Ukraine,2013,
United Kingdom,1978,
United Kingdom,1979,
United Kingdom,1980,
United Kingdom,1981,
United Kingdom,1982,
United Kingdom,1983,
United Kingdom,1984,
United Kingdom,1985,
United Kingdom,1986,
United Kingdom,1987,
United Kingdom,1988,
United Kingdom,1989,
United Kingdom,1990,
United Kingdom,1991,0.391
United Kingdom,1992,
United Kingdom,1993,
United Kingdom,1994,0.38799999999999996
United Kingdom,1995,0.7829999999999999
United Kingdom,1996,
United Kingdom,1997,
United Kingdom,1998,
United Kingdom,1999,0.39299999999999996
United Kingdom,2000,
United Kingdom,2001,
United Kingdom,2002,
United Kingdom,2003,
United Kingdom,2004,0.402
United Kingdom,2005,
United Kingdom,2006,
United Kingdom,2007,0.619
United Kingdom,2008,
United Kingdom,2009,
United Kingdom,2010,0.634
United Kingdom,2011,
United Kingdom,2012,
United Kingdom,2013,
United States,1978,
United States,1979,
United States,1980,
United States,1981,
United States,1982,
United States,1983,
United States,1984,
United States,1985,
United States,1986,1.63
United States,1987,
United States,1988,
United States,1989,
United States,1990,
United States,1991,1.7
United States,1992,
United States,1993,
United States,1994,1.76
United States,1995,
United States,1996,
United States,1997,2.73
United States,1998,
United States,1999,
United States,2000,1.89
United States,2001,
United States,2002,
United States,2003,
United States,2004,2.93
United States,2005,
United States,2006,
United States,2007,4.01
United States,2008,
United States,2009,
United States,2010,5.17
United States,2011,
United States,2012,
United States,2013,
Uruguay,1978,
Uruguay,1979,
Uruguay,1980,
Uruguay,1981,0.0
Uruguay,1982,
Uruguay,1983,
Uruguay,1984,
Uruguay,1985,
Uruguay,1986,
Uruguay,1987,
Uruguay,1988,
Uruguay,1989,0.0151
Uruguay,1990,
Uruguay,1991,
Uruguay,1992,0.0284
Uruguay,1993,
Uruguay,1994,
Uruguay,1995,0.0177
Uruguay,1996,0.0221
Uruguay,1997,0.0199
Uruguay,1998,0.0267
Uruguay,1999,
Uruguay,2000,0.0159
Uruguay,2001,0.0203
Uruguay,2002,0.0263
Uruguay,2003,0.0316
Uruguay,2004,0.0396
Uruguay,2005,0.0436
Uruguay,2006,0.0243
Uruguay,2007,0.016
Uruguay,2008,0.008709999999999999
Uruguay,2009,0.00907
Uruguay,2010,0.00674
Uruguay,2011,0.008459999999999999
Uruguay,2012,0.0105
Uruguay,2013,
Venezuela,1978,
Venezuela,1979,
Venezuela,1980,
Venezuela,1981,0.508
Venezuela,1982,
Venezuela,1983,
Venezuela,1984,
Venezuela,1985,
Venezuela,1986,
Venezuela,1987,0.5720000000000001
Venezuela,1988,
Venezuela,1989,1.22
Venezuela,1990,
Venezuela,1991,
Venezuela,1992,0.91
Venezuela,1993,
Venezuela,1994,
Venezuela,1995,2.11
Venezuela,1996,
Venezuela,1997,
Venezuela,1998,2.32
Venezuela,1999,2.73
Venezuela,2000,
Venezuela,2001,2.38
Venezuela,2002,4.01
Venezuela,2003,4.92
Venezuela,2004,4.17
Venezuela,2005,3.52
Venezuela,2006,1.8
Venezuela,2007,
Venezuela,2008,
Venezuela,2009,
Venezuela,2010,
Venezuela,2011,
Venezuela,2012,
Venezuela,2013,
Vietnam,1978,
Vietnam,1979,
Vietnam,1980,
Vietnam,1981,
Vietnam,1982,
Vietnam,1983,
Vietnam,1984,
Vietnam,1985,
Vietnam,1986,
Vietnam,1987,
Vietnam,1988,
Vietnam,1989,
Vietnam,1990,
Vietnam,1991,
Vietnam,1992,
Vietnam,1993,44.4
Vietnam,1994,
Vietnam,1995,
Vietnam,1996,
Vietnam,1997,
Vietnam,1998,37.3
Vietnam,1999,
Vietnam,2000,
Vietnam,2001,
Vietnam,2002,31.9
Vietnam,2003,
Vietnam,2004,25.6
Vietnam,2005,
Vietnam,2006,17.9
Vietnam,2007,
Vietnam,2008,14.3
Vietnam,2009,
Vietnam,2010,3.42
Vietnam,2011,
Vietnam,2012,2.17
Vietnam,2013,
Yemen,1978,
Yemen,1979,
Yemen,1980,
Yemen,1981,
Yemen,1982,
Yemen,1983,
Yemen,1984,
Yemen,1985,
Yemen,1986,
Yemen,1987,
Yemen,1988,
Yemen,1989,
Yemen,1990,
Yemen,1991,
Yemen,1992,
Yemen,1993,
Yemen,1994,
Yemen,1995,
Yemen,1996,
Yemen,1997,
Yemen,1998,1.73
Yemen,1999,
Yemen,2000,
Yemen,2001,
Yemen,2002,
Yemen,2003,
Yemen,2004,
Yemen,2005,1.97
Yemen,2006,
Yemen,2007,
Yemen,2008,
Yemen,2009,
Yemen,2010,
Yemen,2011,
Yemen,2012,
Yemen,2013,
Zambia,1978,
Zambia,1979,
Zambia,1980,
Zambia,1981,
Zambia,1982,
Zambia,1983,
Zambia,1984,
Zambia,1985,
Zambia,1986,
Zambia,1987,
Zambia,1988,
Zambia,1989,
Zambia,1990,
Zambia,1991,4.91
Zambia,1992,
Zambia,1993,5.5
Zambia,1994,
Zambia,1995,
Zambia,1996,5.63
Zambia,1997,
Zambia,1998,5.33
Zambia,1999,
Zambia,2000,
Zambia,2001,
Zambia,2002,
Zambia,2003,7.04
Zambia,2004,7.18
Zambia,2005,
Zambia,2006,8.07
Zambia,2007,
Zambia,2008,
Zambia,2009,
Zambia,2010,9.82
Zambia,2011,
Zambia,2012,
Zambia,2013,
