Country,Year,earthquake_affected_annual_number
Afghanistan,1970,0
Afghanistan,1971,0
Afghanistan,1972,0
Afghanistan,1973,0
Afghanistan,1974,0
Afghanistan,1975,0
Afghanistan,1976,90100
Afghanistan,1977,0
Afghanistan,1978,0
Afghanistan,1979,0
Afghanistan,1980,0
Afghanistan,1981,0
Afghanistan,1982,38500
Afghanistan,1983,34500
Afghanistan,1984,36
Afghanistan,1985,0
Afghanistan,1986,0
Afghanistan,1987,0
Afghanistan,1988,0
Afghanistan,1989,0
Afghanistan,1990,0
Afghanistan,1991,7150
Afghanistan,1992,14
Afghanistan,1993,0
Afghanistan,1994,101000
Afghanistan,1995,0
Afghanistan,1996,3250
Afghanistan,1997,5
Afghanistan,1998,157000
Afghanistan,1999,92000
Afghanistan,2000,0
Afghanistan,2001,274
Afghanistan,2002,102000
Afghanistan,2003,1000
Afghanistan,2004,1040
Afghanistan,2005,507
Afghanistan,2006,936
Afghanistan,2007,0
Afghanistan,2008,0
Albania,1970,0
Albania,1971,0
Albania,1972,0
Albania,1973,0
Albania,1974,0
Albania,1975,0
Albania,1976,0
Albania,1977,0
Albania,1978,0
Albania,1979,385
Albania,1980,0
Albania,1981,0
Albania,1982,5010
Albania,1983,0
Albania,1984,0
Albania,1985,0
Albania,1986,0
Albania,1987,0
Albania,1988,690
Albania,1989,0
Albania,1990,0
Albania,1991,0
Albania,1992,0
Albania,1993,0
Albania,1994,0
Albania,1995,0
Albania,1996,0
Albania,1997,0
Albania,1998,2100
Albania,1999,0
Albania,2000,0
Albania,2001,0
Albania,2002,0
Albania,2003,0
Albania,2004,0
Albania,2005,0
Albania,2006,0
Albania,2007,0
Albania,2008,0
Algeria,1970,0
Algeria,1971,0
Algeria,1972,0
Algeria,1973,0
Algeria,1974,0
Algeria,1975,0
Algeria,1976,0
Algeria,1977,0
Algeria,1978,0
Algeria,1979,0
Algeria,1980,933000
Algeria,1981,0
Algeria,1982,0
Algeria,1983,0
Algeria,1984,0
Algeria,1985,30
Algeria,1986,0
Algeria,1987,3150
Algeria,1988,257
Algeria,1989,12200
Algeria,1990,0
Algeria,1991,0
Algeria,1992,2250
Algeria,1993,0
Algeria,1994,13000
Algeria,1995,0
Algeria,1996,0
Algeria,1997,0
Algeria,1998,0
Algeria,1999,15200
Algeria,2000,0
Algeria,2001,0
Algeria,2002,0
Algeria,2003,213000
Algeria,2004,315
Algeria,2005,0
Algeria,2006,323
Algeria,2007,0
Algeria,2008,0
Argentina,1970,0
Argentina,1971,0
Argentina,1972,0
Argentina,1973,0
Argentina,1974,0
Argentina,1975,0
Argentina,1976,0
Argentina,1977,170
Argentina,1978,0
Argentina,1979,0
Argentina,1980,0
Argentina,1981,0
Argentina,1982,0
Argentina,1983,0
Argentina,1984,0
Argentina,1985,45200
Argentina,1986,0
Argentina,1987,0
Argentina,1988,0
Argentina,1989,0
Argentina,1990,0
Argentina,1991,0
Argentina,1992,0
Argentina,1993,0
Argentina,1994,0
Argentina,1995,0
Argentina,1996,0
Argentina,1997,0
Argentina,1998,0
Argentina,1999,0
Argentina,2000,0
Argentina,2001,0
Argentina,2002,727
Argentina,2003,0
Argentina,2004,0
Argentina,2005,0
Argentina,2006,0
Argentina,2007,0
Argentina,2008,0
Armenia,1970,0
Armenia,1971,0
Armenia,1972,0
Armenia,1973,0
Armenia,1974,0
Armenia,1975,0
Armenia,1976,0
Armenia,1977,0
Armenia,1978,0
Armenia,1979,0
Armenia,1980,0
Armenia,1981,0
Armenia,1982,0
Armenia,1983,0
Armenia,1984,0
Armenia,1985,0
Armenia,1986,0
Armenia,1987,0
Armenia,1988,0
Armenia,1989,0
Armenia,1990,0
Armenia,1991,0
Armenia,1992,0
Armenia,1993,0
Armenia,1994,0
Armenia,1995,0
Armenia,1996,0
Armenia,1997,15000
Armenia,1998,0
Armenia,1999,0
Armenia,2000,0
Armenia,2001,0
Armenia,2002,0
Armenia,2003,0
Armenia,2004,0
Armenia,2005,0
Armenia,2006,0
Armenia,2007,0
Armenia,2008,0
Australia,1970,0
Australia,1971,0
Australia,1972,0
Australia,1973,0
Australia,1974,0
Australia,1975,0
Australia,1976,0
Australia,1977,0
Australia,1978,0
Australia,1979,0
Australia,1980,0
Australia,1981,0
Australia,1982,0
Australia,1983,0
Australia,1984,0
Australia,1985,0
Australia,1986,0
Australia,1987,0
Australia,1988,0
Australia,1989,2130
Australia,1990,0
Australia,1991,0
Australia,1992,0
Australia,1993,0
Australia,1994,5030
Australia,1995,0
Australia,1996,0
Australia,1997,0
Australia,1998,0
Australia,1999,0
Australia,2000,0
Australia,2001,0
Australia,2002,0
Australia,2003,0
Australia,2004,0
Australia,2005,0
Australia,2006,0
Australia,2007,0
Australia,2008,0
Austria,1970,0
Austria,1971,0
Austria,1972,0
Austria,1973,0
Austria,1974,0
Austria,1975,0
Austria,1976,0
Austria,1977,0
Austria,1978,0
Austria,1979,0
Austria,1980,0
Austria,1981,0
Austria,1982,0
Austria,1983,0
Austria,1984,0
Austria,1985,0
Austria,1986,0
Austria,1987,0
Austria,1988,0
Austria,1989,0
Austria,1990,0
Austria,1991,0
Austria,1992,0
Austria,1993,0
Austria,1994,0
Austria,1995,0
Austria,1996,0
Austria,1997,0
Austria,1998,0
Austria,1999,0
Austria,2000,0
Austria,2001,0
Austria,2002,0
Austria,2003,0
Austria,2004,0
Austria,2005,0
Austria,2006,0
Austria,2007,0
Austria,2008,0
Azerbaijan,1970,0
Azerbaijan,1971,0
Azerbaijan,1972,0
Azerbaijan,1973,0
Azerbaijan,1974,0
Azerbaijan,1975,0
Azerbaijan,1976,0
Azerbaijan,1977,0
Azerbaijan,1978,0
Azerbaijan,1979,0
Azerbaijan,1980,0
Azerbaijan,1981,0
Azerbaijan,1982,0
Azerbaijan,1983,0
Azerbaijan,1984,0
Azerbaijan,1985,0
Azerbaijan,1986,0
Azerbaijan,1987,0
Azerbaijan,1988,0
Azerbaijan,1989,0
Azerbaijan,1990,0
Azerbaijan,1991,0
Azerbaijan,1992,0
Azerbaijan,1993,0
Azerbaijan,1994,0
Azerbaijan,1995,0
Azerbaijan,1996,0
Azerbaijan,1997,0
Azerbaijan,1998,700000
Azerbaijan,1999,9170
Azerbaijan,2000,3330
Azerbaijan,2001,0
Azerbaijan,2002,0
Azerbaijan,2003,0
Azerbaijan,2004,0
Azerbaijan,2005,0
Azerbaijan,2006,0
Azerbaijan,2007,0
Azerbaijan,2008,0
Bangladesh,1970,0
Bangladesh,1971,0
Bangladesh,1972,0
Bangladesh,1973,0
Bangladesh,1974,0
Bangladesh,1975,0
Bangladesh,1976,0
Bangladesh,1977,0
Bangladesh,1978,0
Bangladesh,1979,0
Bangladesh,1980,0
Bangladesh,1981,0
Bangladesh,1982,0
Bangladesh,1983,0
Bangladesh,1984,0
Bangladesh,1985,0
Bangladesh,1986,0
Bangladesh,1987,0
Bangladesh,1988,102
Bangladesh,1989,101
Bangladesh,1990,0
Bangladesh,1991,0
Bangladesh,1992,0
Bangladesh,1993,0
Bangladesh,1994,0
Bangladesh,1995,0
Bangladesh,1996,0
Bangladesh,1997,223
Bangladesh,1998,0
Bangladesh,1999,15200
Bangladesh,2000,1000
Bangladesh,2001,0
Bangladesh,2002,0
Bangladesh,2003,2530
Bangladesh,2004,0
Bangladesh,2005,0
Bangladesh,2006,0
Bangladesh,2007,0
Bangladesh,2008,0
Barbados,1970,0
Barbados,1971,0
Barbados,1972,0
Barbados,1973,0
Barbados,1974,0
Barbados,1975,0
Barbados,1976,0
Barbados,1977,0
Barbados,1978,0
Barbados,1979,0
Barbados,1980,0
Barbados,1981,0
Barbados,1982,0
Barbados,1983,0
Barbados,1984,0
Barbados,1985,0
Barbados,1986,0
Barbados,1987,0
Barbados,1988,0
Barbados,1989,0
Barbados,1990,0
Barbados,1991,0
Barbados,1992,0
Barbados,1993,0
Barbados,1994,0
Barbados,1995,0
Barbados,1996,0
Barbados,1997,0
Barbados,1998,0
Barbados,1999,0
Barbados,2000,0
Barbados,2001,0
Barbados,2002,0
Barbados,2003,0
Barbados,2004,0
Barbados,2005,0
Barbados,2006,0
Barbados,2007,1
Barbados,2008,0
Belgium,1970,0
Belgium,1971,0
Belgium,1972,0
Belgium,1973,0
Belgium,1974,0
Belgium,1975,0
Belgium,1976,0
Belgium,1977,0
Belgium,1978,0
Belgium,1979,0
Belgium,1980,0
Belgium,1981,0
Belgium,1982,0
Belgium,1983,1030
Belgium,1984,0
Belgium,1985,0
Belgium,1986,0
Belgium,1987,0
Belgium,1988,0
Belgium,1989,0
Belgium,1990,0
Belgium,1991,0
Belgium,1992,0
Belgium,1993,0
Belgium,1994,0
Belgium,1995,0
Belgium,1996,0
Belgium,1997,0
Belgium,1998,0
Belgium,1999,0
Belgium,2000,0
Belgium,2001,0
Belgium,2002,0
Belgium,2003,0
Belgium,2004,0
Belgium,2005,0
Belgium,2006,0
Belgium,2007,0
Belgium,2008,0
Bolivia,1970,0
Bolivia,1971,0
Bolivia,1972,0
Bolivia,1973,0
Bolivia,1974,0
Bolivia,1975,0
Bolivia,1976,0
Bolivia,1977,0
Bolivia,1978,0
Bolivia,1979,0
Bolivia,1980,0
Bolivia,1981,0
Bolivia,1982,20
Bolivia,1983,0
Bolivia,1984,0
Bolivia,1985,0
Bolivia,1986,0
Bolivia,1987,0
Bolivia,1988,0
Bolivia,1989,0
Bolivia,1990,0
Bolivia,1991,0
Bolivia,1992,0
Bolivia,1993,0
Bolivia,1994,5
Bolivia,1995,0
Bolivia,1996,0
Bolivia,1997,0
Bolivia,1998,18100
Bolivia,1999,0
Bolivia,2000,0
Bolivia,2001,0
Bolivia,2002,0
Bolivia,2003,0
Bolivia,2004,0
Bolivia,2005,0
Bolivia,2006,0
Bolivia,2007,0
Bolivia,2008,0
Brazil,1970,0
Brazil,1971,0
Brazil,1972,0
Brazil,1973,0
Brazil,1974,0
Brazil,1975,0
Brazil,1976,0
Brazil,1977,0
Brazil,1978,0
Brazil,1979,0
Brazil,1980,0
Brazil,1981,0
Brazil,1982,0
Brazil,1983,0
Brazil,1984,0
Brazil,1985,0
Brazil,1986,23000
Brazil,1987,0
Brazil,1988,0
Brazil,1989,0
Brazil,1990,0
Brazil,1991,0
Brazil,1992,0
Brazil,1993,0
Brazil,1994,0
Brazil,1995,0
Brazil,1996,0
Brazil,1997,0
Brazil,1998,0
Brazil,1999,0
Brazil,2000,0
Brazil,2001,0
Brazil,2002,0
Brazil,2003,0
Brazil,2004,0
Brazil,2005,0
Brazil,2006,0
Brazil,2007,287
Brazil,2008,0
Bulgaria,1970,0
Bulgaria,1971,0
Bulgaria,1972,0
Bulgaria,1973,0
Bulgaria,1974,0
Bulgaria,1975,0
Bulgaria,1976,0
Bulgaria,1977,185
Bulgaria,1978,0
Bulgaria,1979,0
Bulgaria,1980,0
Bulgaria,1981,0
Bulgaria,1982,0
Bulgaria,1983,0
Bulgaria,1984,0
Bulgaria,1985,0
Bulgaria,1986,3060
Bulgaria,1987,0
Bulgaria,1988,0
Bulgaria,1989,0
Bulgaria,1990,1
Bulgaria,1991,0
Bulgaria,1992,0
Bulgaria,1993,0
Bulgaria,1994,0
Bulgaria,1995,0
Bulgaria,1996,0
Bulgaria,1997,0
Bulgaria,1998,0
Bulgaria,1999,0
Bulgaria,2000,0
Bulgaria,2001,0
Bulgaria,2002,0
Bulgaria,2003,0
Bulgaria,2004,0
Bulgaria,2005,0
Bulgaria,2006,527
Bulgaria,2007,0
Bulgaria,2008,0
Burundi,1970,0
Burundi,1971,0
Burundi,1972,0
Burundi,1973,0
Burundi,1974,0
Burundi,1975,0
Burundi,1976,0
Burundi,1977,0
Burundi,1978,0
Burundi,1979,0
Burundi,1980,0
Burundi,1981,0
Burundi,1982,0
Burundi,1983,0
Burundi,1984,0
Burundi,1985,0
Burundi,1986,0
Burundi,1987,0
Burundi,1988,0
Burundi,1989,0
Burundi,1990,0
Burundi,1991,0
Burundi,1992,0
Burundi,1993,0
Burundi,1994,0
Burundi,1995,0
Burundi,1996,0
Burundi,1997,0
Burundi,1998,0
Burundi,1999,0
Burundi,2000,0
Burundi,2001,0
Burundi,2002,0
Burundi,2003,0
Burundi,2004,123
Burundi,2005,0
Burundi,2006,0
Burundi,2007,0
Burundi,2008,0
Chile,1970,0
Chile,1971,2350000
Chile,1972,0
Chile,1973,0
Chile,1974,0
Chile,1975,0
Chile,1976,0
Chile,1977,0
Chile,1978,0
Chile,1979,0
Chile,1980,0
Chile,1981,0
Chile,1982,0
Chile,1983,1530
Chile,1984,0
Chile,1985,1480000
Chile,1986,0
Chile,1987,5120
Chile,1988,0
Chile,1989,0
Chile,1990,0
Chile,1991,0
Chile,1992,0
Chile,1993,0
Chile,1994,0
Chile,1995,1840
Chile,1996,0
Chile,1997,53100
Chile,1998,0
Chile,1999,0
Chile,2000,0
Chile,2001,0
Chile,2002,0
Chile,2003,0
Chile,2004,0
Chile,2005,27700
Chile,2006,0
Chile,2007,25200
Chile,2008,0
China,1970,10000
China,1971,0
China,1972,0
China,1973,0
China,1974,20000
China,1975,10000
China,1976,406000
China,1977,0
China,1978,0
China,1979,4190
China,1980,0
China,1981,26000
China,1982,15
China,1983,18700
China,1984,0
China,1985,16600
China,1986,290
China,1987,194000
China,1988,1320000
China,1989,246000
China,1990,64500
China,1991,283000
China,1992,16000
China,1993,143000
China,1994,6650
China,1995,1030000
China,1996,5310000
China,1997,775000
China,1998,1190000
China,1999,3040000
China,2000,2110000
China,2001,503000
China,2002,65900
China,2003,3150000
China,2004,437000
China,2005,634000
China,2006,412000
China,2007,332
China,2008,47200000
Colombia,1970,3440
Colombia,1971,0
Colombia,1972,0
Colombia,1973,0
Colombia,1974,0
Colombia,1975,0
Colombia,1976,0
Colombia,1977,0
Colombia,1978,0
Colombia,1979,12500
Colombia,1980,0
Colombia,1981,10
Colombia,1982,0
Colombia,1983,36500
Colombia,1984,0
Colombia,1985,0
Colombia,1986,0
Colombia,1987,0
Colombia,1988,0
Colombia,1989,0
Colombia,1990,0
Colombia,1991,869
Colombia,1992,1650
Colombia,1993,3070
Colombia,1994,37700
Colombia,1995,18300
Colombia,1996,0
Colombia,1997,0
Colombia,1998,0
Colombia,1999,1210000
Colombia,2000,432
Colombia,2001,0
Colombia,2002,0
Colombia,2003,0
Colombia,2004,8540
Colombia,2005,0
Colombia,2006,0
Colombia,2007,175
Colombia,2008,0
"Congo, Dem. Rep.",1970,0
"Congo, Dem. Rep.",1971,0
"Congo, Dem. Rep.",1972,0
"Congo, Dem. Rep.",1973,0
"Congo, Dem. Rep.",1974,0
"Congo, Dem. Rep.",1975,0
"Congo, Dem. Rep.",1976,0
"Congo, Dem. Rep.",1977,0
"Congo, Dem. Rep.",1978,0
"Congo, Dem. Rep.",1979,0
"Congo, Dem. Rep.",1980,0
"Congo, Dem. Rep.",1981,0
"Congo, Dem. Rep.",1982,0
"Congo, Dem. Rep.",1983,0
"Congo, Dem. Rep.",1984,0
"Congo, Dem. Rep.",1985,0
"Congo, Dem. Rep.",1986,0
"Congo, Dem. Rep.",1987,0
"Congo, Dem. Rep.",1988,0
"Congo, Dem. Rep.",1989,0
"Congo, Dem. Rep.",1990,0
"Congo, Dem. Rep.",1991,0
"Congo, Dem. Rep.",1992,320
"Congo, Dem. Rep.",1993,0
"Congo, Dem. Rep.",1994,0
"Congo, Dem. Rep.",1995,0
"Congo, Dem. Rep.",1996,0
"Congo, Dem. Rep.",1997,0
"Congo, Dem. Rep.",1998,0
"Congo, Dem. Rep.",1999,0
"Congo, Dem. Rep.",2000,0
"Congo, Dem. Rep.",2001,0
"Congo, Dem. Rep.",2002,0
"Congo, Dem. Rep.",2003,0
"Congo, Dem. Rep.",2004,0
"Congo, Dem. Rep.",2005,0
"Congo, Dem. Rep.",2006,0
"Congo, Dem. Rep.",2007,0
"Congo, Dem. Rep.",2008,13000
"Congo, Rep.",1970,0
"Congo, Rep.",1971,0
"Congo, Rep.",1972,0
"Congo, Rep.",1973,0
"Congo, Rep.",1974,0
"Congo, Rep.",1975,0
"Congo, Rep.",1976,0
"Congo, Rep.",1977,0
"Congo, Rep.",1978,0
"Congo, Rep.",1979,0
"Congo, Rep.",1980,0
"Congo, Rep.",1981,0
"Congo, Rep.",1982,0
"Congo, Rep.",1983,0
"Congo, Rep.",1984,0
"Congo, Rep.",1985,0
"Congo, Rep.",1986,0
"Congo, Rep.",1987,0
"Congo, Rep.",1988,0
"Congo, Rep.",1989,0
"Congo, Rep.",1990,0
"Congo, Rep.",1991,0
"Congo, Rep.",1992,0
"Congo, Rep.",1993,0
"Congo, Rep.",1994,0
"Congo, Rep.",1995,0
"Congo, Rep.",1996,0
"Congo, Rep.",1997,0
"Congo, Rep.",1998,0
"Congo, Rep.",1999,0
"Congo, Rep.",2000,0
"Congo, Rep.",2001,0
"Congo, Rep.",2002,0
"Congo, Rep.",2003,0
"Congo, Rep.",2004,0
"Congo, Rep.",2005,1510
"Congo, Rep.",2006,0
"Congo, Rep.",2007,0
"Congo, Rep.",2008,0
Costa Rica,1970,0
Costa Rica,1971,0
Costa Rica,1972,0
Costa Rica,1973,3770
Costa Rica,1974,0
Costa Rica,1975,0
Costa Rica,1976,0
Costa Rica,1977,0
Costa Rica,1978,0
Costa Rica,1979,0
Costa Rica,1980,0
Costa Rica,1981,0
Costa Rica,1982,0
Costa Rica,1983,5550
Costa Rica,1984,0
Costa Rica,1985,0
Costa Rica,1986,0
Costa Rica,1987,0
Costa Rica,1988,0
Costa Rica,1989,0
Costa Rica,1990,14600
Costa Rica,1991,10600
Costa Rica,1992,0
Costa Rica,1993,243
Costa Rica,1994,0
Costa Rica,1995,0
Costa Rica,1996,0
Costa Rica,1997,0
Costa Rica,1998,0
Costa Rica,1999,0
Costa Rica,2000,0
Costa Rica,2001,0
Costa Rica,2002,0
Costa Rica,2003,137
Costa Rica,2004,288
Costa Rica,2005,0
Costa Rica,2006,0
Costa Rica,2007,0
Costa Rica,2008,0
Croatia,1970,0
Croatia,1971,0
Croatia,1972,0
Croatia,1973,0
Croatia,1974,0
Croatia,1975,0
Croatia,1976,0
Croatia,1977,0
Croatia,1978,0
Croatia,1979,0
Croatia,1980,0
Croatia,1981,0
Croatia,1982,0
Croatia,1983,0
Croatia,1984,0
Croatia,1985,0
Croatia,1986,0
Croatia,1987,0
Croatia,1988,0
Croatia,1989,0
Croatia,1990,0
Croatia,1991,0
Croatia,1992,0
Croatia,1993,0
Croatia,1994,0
Croatia,1995,0
Croatia,1996,2000
Croatia,1997,0
Croatia,1998,0
Croatia,1999,0
Croatia,2000,0
Croatia,2001,0
Croatia,2002,0
Croatia,2003,0
Croatia,2004,0
Croatia,2005,0
Croatia,2006,0
Croatia,2007,0
Croatia,2008,0
Cuba,1970,0
Cuba,1971,0
Cuba,1972,0
Cuba,1973,0
Cuba,1974,0
Cuba,1975,0
Cuba,1976,9
Cuba,1977,0
Cuba,1978,0
Cuba,1979,0
Cuba,1980,0
Cuba,1981,0
Cuba,1982,0
Cuba,1983,0
Cuba,1984,0
Cuba,1985,0
Cuba,1986,0
Cuba,1987,0
Cuba,1988,0
Cuba,1989,0
Cuba,1990,0
Cuba,1991,0
Cuba,1992,5870
Cuba,1993,0
Cuba,1994,0
Cuba,1995,0
Cuba,1996,0
Cuba,1997,0
Cuba,1998,0
Cuba,1999,0
Cuba,2000,0
Cuba,2001,0
Cuba,2002,0
Cuba,2003,0
Cuba,2004,0
Cuba,2005,0
Cuba,2006,0
Cuba,2007,0
Cuba,2008,0
Cyprus,1970,0
Cyprus,1971,0
Cyprus,1972,0
Cyprus,1973,0
Cyprus,1974,0
Cyprus,1975,0
Cyprus,1976,0
Cyprus,1977,0
Cyprus,1978,0
Cyprus,1979,0
Cyprus,1980,0
Cyprus,1981,0
Cyprus,1982,0
Cyprus,1983,0
Cyprus,1984,0
Cyprus,1985,0
Cyprus,1986,0
Cyprus,1987,0
Cyprus,1988,0
Cyprus,1989,0
Cyprus,1990,0
Cyprus,1991,0
Cyprus,1992,0
Cyprus,1993,0
Cyprus,1994,0
Cyprus,1995,1870
Cyprus,1996,0
Cyprus,1997,0
Cyprus,1998,0
Cyprus,1999,0
Cyprus,2000,0
Cyprus,2001,0
Cyprus,2002,0
Cyprus,2003,0
Cyprus,2004,0
Cyprus,2005,0
Cyprus,2006,0
Cyprus,2007,0
Cyprus,2008,0
Dominica,1970,0
Dominica,1971,0
Dominica,1972,0
Dominica,1973,0
Dominica,1974,0
Dominica,1975,0
Dominica,1976,0
Dominica,1977,0
Dominica,1978,0
Dominica,1979,0
Dominica,1980,0
Dominica,1981,0
Dominica,1982,0
Dominica,1983,0
Dominica,1984,0
Dominica,1985,0
Dominica,1986,0
Dominica,1987,0
Dominica,1988,0
Dominica,1989,0
Dominica,1990,0
Dominica,1991,0
Dominica,1992,0
Dominica,1993,0
Dominica,1994,0
Dominica,1995,0
Dominica,1996,0
Dominica,1997,0
Dominica,1998,0
Dominica,1999,0
Dominica,2000,0
Dominica,2001,0
Dominica,2002,0
Dominica,2003,0
Dominica,2004,100
Dominica,2005,0
Dominica,2006,0
Dominica,2007,0
Dominica,2008,0
Dominican Republic,1970,0
Dominican Republic,1971,0
Dominican Republic,1972,0
Dominican Republic,1973,0
Dominican Republic,1974,0
Dominican Republic,1975,0
Dominican Republic,1976,0
Dominican Republic,1977,0
Dominican Republic,1978,0
Dominican Republic,1979,0
Dominican Republic,1980,0
Dominican Republic,1981,0
Dominican Republic,1982,0
Dominican Republic,1983,0
Dominican Republic,1984,0
Dominican Republic,1985,0
Dominican Republic,1986,0
Dominican Republic,1987,0
Dominican Republic,1988,0
Dominican Republic,1989,0
Dominican Republic,1990,0
Dominican Republic,1991,0
Dominican Republic,1992,0
Dominican Republic,1993,0
Dominican Republic,1994,0
Dominican Republic,1995,0
Dominican Republic,1996,0
Dominican Republic,1997,0
Dominican Republic,1998,0
Dominican Republic,1999,0
Dominican Republic,2000,0
Dominican Republic,2001,0
Dominican Republic,2002,0
Dominican Republic,2003,2020
Dominican Republic,2004,0
Dominican Republic,2005,0
Dominican Republic,2006,0
Dominican Republic,2007,0
Dominican Republic,2008,0
Ecuador,1970,88100
Ecuador,1971,0
Ecuador,1972,0
Ecuador,1973,0
Ecuador,1974,0
Ecuador,1975,0
Ecuador,1976,20000
Ecuador,1977,0
Ecuador,1978,0
Ecuador,1979,0
Ecuador,1980,48
Ecuador,1981,0
Ecuador,1982,0
Ecuador,1983,0
Ecuador,1984,0
Ecuador,1985,0
Ecuador,1986,0
Ecuador,1987,155000
Ecuador,1988,0
Ecuador,1989,0
Ecuador,1990,6510
Ecuador,1991,0
Ecuador,1992,0
Ecuador,1993,0
Ecuador,1994,0
Ecuador,1995,893
Ecuador,1996,30700
Ecuador,1997,0
Ecuador,1998,2040
Ecuador,1999,0
Ecuador,2000,0
Ecuador,2001,0
Ecuador,2002,0
Ecuador,2003,0
Ecuador,2004,0
Ecuador,2005,0
Ecuador,2006,0
Ecuador,2007,0
Ecuador,2008,0
Egypt,1970,0
Egypt,1971,0
Egypt,1972,0
Egypt,1973,0
Egypt,1974,0
Egypt,1975,0
Egypt,1976,0
Egypt,1977,0
Egypt,1978,0
Egypt,1979,0
Egypt,1980,0
Egypt,1981,0
Egypt,1982,0
Egypt,1983,0
Egypt,1984,0
Egypt,1985,0
Egypt,1986,0
Egypt,1987,0
Egypt,1988,0
Egypt,1989,0
Egypt,1990,0
Egypt,1991,0
Egypt,1992,93200
Egypt,1993,0
Egypt,1994,0
Egypt,1995,79
Egypt,1996,0
Egypt,1997,0
Egypt,1998,0
Egypt,1999,0
Egypt,2000,0
Egypt,2001,0
Egypt,2002,250
Egypt,2003,0
Egypt,2004,0
Egypt,2005,0
Egypt,2006,0
Egypt,2007,0
Egypt,2008,0
El Salvador,1970,0
El Salvador,1971,0
El Salvador,1972,0
El Salvador,1973,0
El Salvador,1974,0
El Salvador,1975,0
El Salvador,1976,0
El Salvador,1977,0
El Salvador,1978,0
El Salvador,1979,0
El Salvador,1980,0
El Salvador,1981,0
El Salvador,1982,32500
El Salvador,1983,0
El Salvador,1984,0
El Salvador,1985,0
El Salvador,1986,771000
El Salvador,1987,0
El Salvador,1988,0
El Salvador,1989,0
El Salvador,1990,0
El Salvador,1991,0
El Salvador,1992,0
El Salvador,1993,0
El Salvador,1994,0
El Salvador,1995,0
El Salvador,1996,0
El Salvador,1997,0
El Salvador,1998,0
El Salvador,1999,0
El Salvador,2000,0
El Salvador,2001,1590000
El Salvador,2002,0
El Salvador,2003,0
El Salvador,2004,0
El Salvador,2005,752
El Salvador,2006,16500
El Salvador,2007,0
El Salvador,2008,0
Fiji,1970,0
Fiji,1971,0
Fiji,1972,0
Fiji,1973,0
Fiji,1974,0
Fiji,1975,0
Fiji,1976,0
Fiji,1977,0
Fiji,1978,0
Fiji,1979,0
Fiji,1980,0
Fiji,1981,0
Fiji,1982,0
Fiji,1983,0
Fiji,1984,0
Fiji,1985,0
Fiji,1986,0
Fiji,1987,0
Fiji,1988,0
Fiji,1989,0
Fiji,1990,0
Fiji,1991,0
Fiji,1992,0
Fiji,1993,0
Fiji,1994,0
Fiji,1995,0
Fiji,1996,0
Fiji,1997,0
Fiji,1998,0
Fiji,1999,0
Fiji,2000,0
Fiji,2001,0
Fiji,2002,0
Fiji,2003,0
Fiji,2004,0
Fiji,2005,0
Fiji,2006,0
Fiji,2007,0
Fiji,2008,0
Georgia,1970,0
Georgia,1971,0
Georgia,1972,0
Georgia,1973,0
Georgia,1974,0
Georgia,1975,0
Georgia,1976,0
Georgia,1977,0
Georgia,1978,0
Georgia,1979,0
Georgia,1980,0
Georgia,1981,0
Georgia,1982,0
Georgia,1983,0
Georgia,1984,0
Georgia,1985,0
Georgia,1986,0
Georgia,1987,0
Georgia,1988,0
Georgia,1989,0
Georgia,1990,0
Georgia,1991,3750
Georgia,1992,11
Georgia,1993,0
Georgia,1994,0
Georgia,1995,0
Georgia,1996,0
Georgia,1997,0
Georgia,1998,0
Georgia,1999,0
Georgia,2000,0
Georgia,2001,0
Georgia,2002,19200
Georgia,2003,0
Georgia,2004,0
Georgia,2005,0
Georgia,2006,0
Georgia,2007,0
Georgia,2008,0
Germany,1970,0
Germany,1971,0
Germany,1972,0
Germany,1973,0
Germany,1974,0
Germany,1975,0
Germany,1976,0
Germany,1977,0
Germany,1978,0
Germany,1979,0
Germany,1980,0
Germany,1981,0
Germany,1982,0
Germany,1983,0
Germany,1984,0
Germany,1985,0
Germany,1986,0
Germany,1987,0
Germany,1988,0
Germany,1989,0
Germany,1990,0
Germany,1991,0
Germany,1992,1530
Germany,1993,0
Germany,1994,0
Germany,1995,0
Germany,1996,0
Germany,1997,0
Germany,1998,0
Germany,1999,0
Germany,2000,0
Germany,2001,0
Germany,2002,0
Germany,2003,0
Germany,2004,150
Germany,2005,0
Germany,2006,0
Germany,2007,0
Germany,2008,0
Greece,1970,0
Greece,1971,0
Greece,1972,0
Greece,1973,0
Greece,1974,0
Greece,1975,0
Greece,1976,0
Greece,1977,0
Greece,1978,600000
Greece,1979,48
Greece,1980,18
Greece,1981,80900
Greece,1982,0
Greece,1983,487
Greece,1984,0
Greece,1985,186
Greece,1986,45300
Greece,1987,0
Greece,1988,25
Greece,1989,0
Greece,1990,62
Greece,1991,0
Greece,1992,0
Greece,1993,2120
Greece,1994,0
Greece,1995,29000
Greece,1996,1500
Greece,1997,0
Greece,1998,0
Greece,1999,115000
Greece,2000,600
Greece,2001,300
Greece,2002,167
Greece,2003,50
Greece,2004,0
Greece,2005,0
Greece,2006,0
Greece,2007,0
Greece,2008,3710
Guatemala,1970,0
Guatemala,1971,0
Guatemala,1972,0
Guatemala,1973,0
Guatemala,1974,0
Guatemala,1975,0
Guatemala,1976,5020000
Guatemala,1977,0
Guatemala,1978,0
Guatemala,1979,2040
Guatemala,1980,0
Guatemala,1981,0
Guatemala,1982,20
Guatemala,1983,0
Guatemala,1984,0
Guatemala,1985,5000
Guatemala,1986,2500
Guatemala,1987,0
Guatemala,1988,2060
Guatemala,1989,0
Guatemala,1990,0
Guatemala,1991,23900
Guatemala,1992,0
Guatemala,1993,0
Guatemala,1994,0
Guatemala,1995,0
Guatemala,1996,0
Guatemala,1997,0
Guatemala,1998,0
Guatemala,1999,282
Guatemala,2000,0
Guatemala,2001,158
Guatemala,2002,0
Guatemala,2003,0
Guatemala,2004,0
Guatemala,2005,0
Guatemala,2006,0
Guatemala,2007,0
Guatemala,2008,0
Guinea,1970,0
Guinea,1971,0
Guinea,1972,0
Guinea,1973,0
Guinea,1974,0
Guinea,1975,0
Guinea,1976,0
Guinea,1977,0
Guinea,1978,0
Guinea,1979,0
Guinea,1980,0
Guinea,1981,0
Guinea,1982,0
Guinea,1983,21700
Guinea,1984,0
Guinea,1985,0
Guinea,1986,0
Guinea,1987,0
Guinea,1988,0
Guinea,1989,0
Guinea,1990,0
Guinea,1991,0
Guinea,1992,0
Guinea,1993,0
Guinea,1994,0
Guinea,1995,0
Guinea,1996,0
Guinea,1997,0
Guinea,1998,0
Guinea,1999,0
Guinea,2000,0
Guinea,2001,0
Guinea,2002,0
Guinea,2003,0
Guinea,2004,0
Guinea,2005,0
Guinea,2006,0
Guinea,2007,0
Guinea,2008,0
Honduras,1970,0
Honduras,1971,0
Honduras,1972,0
Honduras,1973,0
Honduras,1974,0
Honduras,1975,0
Honduras,1976,0
Honduras,1977,0
Honduras,1978,0
Honduras,1979,0
Honduras,1980,2
Honduras,1981,0
Honduras,1982,500
Honduras,1983,0
Honduras,1984,0
Honduras,1985,0
Honduras,1986,0
Honduras,1987,0
Honduras,1988,0
Honduras,1989,0
Honduras,1990,0
Honduras,1991,0
Honduras,1992,0
Honduras,1993,0
Honduras,1994,0
Honduras,1995,0
Honduras,1996,0
Honduras,1997,0
Honduras,1998,0
Honduras,1999,0
Honduras,2000,0
Honduras,2001,0
Honduras,2002,0
Honduras,2003,0
Honduras,2004,0
Honduras,2005,0
Honduras,2006,0
Honduras,2007,1880
Honduras,2008,0
Iceland,1970,0
Iceland,1971,0
Iceland,1972,0
Iceland,1973,0
Iceland,1974,0
Iceland,1975,0
Iceland,1976,7
Iceland,1977,0
Iceland,1978,0
Iceland,1979,0
Iceland,1980,0
Iceland,1981,0
Iceland,1982,0
Iceland,1983,0
Iceland,1984,0
Iceland,1985,0
Iceland,1986,0
Iceland,1987,0
Iceland,1988,0
Iceland,1989,0
Iceland,1990,0
Iceland,1991,0
Iceland,1992,0
Iceland,1993,0
Iceland,1994,0
Iceland,1995,0
Iceland,1996,0
Iceland,1997,0
Iceland,1998,0
Iceland,1999,0
Iceland,2000,199
Iceland,2001,0
Iceland,2002,0
Iceland,2003,0
Iceland,2004,0
Iceland,2005,0
Iceland,2006,0
Iceland,2007,0
Iceland,2008,0
India,1970,26
India,1971,0
India,1972,100
India,1973,0
India,1974,0
India,1975,47
India,1976,0
India,1977,0
India,1978,0
India,1979,0
India,1980,61
India,1981,212
India,1982,0
India,1983,0
India,1984,10900
India,1985,0
India,1986,36
India,1987,0
India,1988,20000000
India,1989,0
India,1990,0
India,1991,55900
India,1992,0
India,1993,40300
India,1994,0
India,1995,0
India,1996,0
India,1997,157000
India,1998,0
India,1999,478000
India,2000,0
India,2001,6340000
India,2002,202
India,2003,0
India,2004,0
India,2005,158000
India,2006,0
India,2007,0
India,2008,0
Indonesia,1970,0
Indonesia,1971,0
Indonesia,1972,0
Indonesia,1973,0
Indonesia,1974,0
Indonesia,1975,0
Indonesia,1976,478000
Indonesia,1977,4190
Indonesia,1978,0
Indonesia,1979,86300
Indonesia,1980,20000
Indonesia,1981,2990
Indonesia,1982,23800
Indonesia,1983,100
Indonesia,1984,1950
Indonesia,1985,17
Indonesia,1986,0
Indonesia,1987,32200
Indonesia,1988,0
Indonesia,1989,23000
Indonesia,1990,9320
Indonesia,1991,17200
Indonesia,1992,102000
Indonesia,1993,0
Indonesia,1994,261000
Indonesia,1995,92000
Indonesia,1996,38800
Indonesia,1997,3130
Indonesia,1998,6980
Indonesia,1999,16900
Indonesia,2000,270000
Indonesia,2001,12500
Indonesia,2002,11900
Indonesia,2003,3250
Indonesia,2004,141000
Indonesia,2005,107000
Indonesia,2006,3190000
Indonesia,2007,620000
Indonesia,2008,10700
Iran,1970,10200
Iran,1971,0
Iran,1972,28500
Iran,1973,0
Iran,1974,0
Iran,1975,0
Iran,1976,16
Iran,1977,422000
Iran,1978,65100
Iran,1979,20800
Iran,1980,150
Iran,1981,37200
Iran,1982,0
Iran,1983,7520
Iran,1984,0
Iran,1985,7080
Iran,1986,1910
Iran,1987,3980
Iran,1988,16600
Iran,1989,1820
Iran,1990,772000
Iran,1991,1500
Iran,1992,4060
Iran,1993,5080
Iran,1994,16700
Iran,1995,0
Iran,1996,0
Iran,1997,226000
Iran,1998,9310
Iran,1999,7060
Iran,2000,3020
Iran,2001,1000
Iran,2002,147000
Iran,2003,324000
Iran,2004,533
Iran,2005,118000
Iran,2006,169000
Iran,2007,0
Iran,2008,20700
Iraq,1970,0
Iraq,1971,0
Iraq,1972,0
Iraq,1973,0
Iraq,1974,0
Iraq,1975,0
Iraq,1976,0
Iraq,1977,0
Iraq,1978,0
Iraq,1979,0
Iraq,1980,0
Iraq,1981,0
Iraq,1982,0
Iraq,1983,0
Iraq,1984,0
Iraq,1985,0
Iraq,1986,0
Iraq,1987,0
Iraq,1988,0
Iraq,1989,0
Iraq,1990,0
Iraq,1991,520
Iraq,1992,0
Iraq,1993,0
Iraq,1994,0
Iraq,1995,0
Iraq,1996,0
Iraq,1997,0
Iraq,1998,0
Iraq,1999,0
Iraq,2000,0
Iraq,2001,0
Iraq,2002,0
Iraq,2003,0
Iraq,2004,0
Iraq,2005,0
Iraq,2006,0
Iraq,2007,0
Iraq,2008,0
Italy,1970,0
Italy,1971,4240
Italy,1972,451
Italy,1973,0
Italy,1974,0
Italy,1975,0
Italy,1976,251000
Italy,1977,0
Italy,1978,905
Italy,1979,5010
Italy,1980,405000
Italy,1981,318
Italy,1982,6000
Italy,1983,21000
Italy,1984,9590
Italy,1985,0
Italy,1986,0
Italy,1987,0
Italy,1988,0
Italy,1989,0
Italy,1990,2740
Italy,1991,0
Italy,1992,0
Italy,1993,0
Italy,1994,0
Italy,1995,0
Italy,1996,0
Italy,1997,38100
Italy,1998,905
Italy,1999,0
Italy,2000,0
Italy,2001,0
Italy,2002,9570
Italy,2003,232
Italy,2004,0
Italy,2005,0
Italy,2006,0
Italy,2007,0
Italy,2008,0
Japan,1970,0
Japan,1971,0
Japan,1972,0
Japan,1973,0
Japan,1974,103
Japan,1975,0
Japan,1976,0
Japan,1977,0
Japan,1978,2650
Japan,1979,27
Japan,1980,82
Japan,1981,0
Japan,1982,1100
Japan,1983,208
Japan,1984,29
Japan,1985,20
Japan,1986,0
Japan,1987,22700
Japan,1988,0
Japan,1989,0
Japan,1990,0
Japan,1991,0
Japan,1992,32
Japan,1993,18100
Japan,1994,1790
Japan,1995,549000
Japan,1996,0
Japan,1997,0
Japan,1998,0
Japan,1999,0
Japan,2000,7230
Japan,2001,11300
Japan,2002,0
Japan,2003,21300
Japan,2004,62200
Japan,2005,4430
Japan,2006,0
Japan,2007,55200
Japan,2008,841
Kazakhstan,1970,0
Kazakhstan,1971,0
Kazakhstan,1972,0
Kazakhstan,1973,0
Kazakhstan,1974,0
Kazakhstan,1975,0
Kazakhstan,1976,0
Kazakhstan,1977,0
Kazakhstan,1978,0
Kazakhstan,1979,0
Kazakhstan,1980,0
Kazakhstan,1981,0
Kazakhstan,1982,0
Kazakhstan,1983,0
Kazakhstan,1984,0
Kazakhstan,1985,0
Kazakhstan,1986,0
Kazakhstan,1987,0
Kazakhstan,1988,0
Kazakhstan,1989,0
Kazakhstan,1990,0
Kazakhstan,1991,0
Kazakhstan,1992,0
Kazakhstan,1993,0
Kazakhstan,1994,0
Kazakhstan,1995,0
Kazakhstan,1996,0
Kazakhstan,1997,0
Kazakhstan,1998,0
Kazakhstan,1999,0
Kazakhstan,2000,0
Kazakhstan,2001,0
Kazakhstan,2002,0
Kazakhstan,2003,36600
Kazakhstan,2004,0
Kazakhstan,2005,0
Kazakhstan,2006,0
Kazakhstan,2007,0
Kazakhstan,2008,0
Kenya,1970,0
Kenya,1971,0
Kenya,1972,0
Kenya,1973,0
Kenya,1974,0
Kenya,1975,0
Kenya,1976,0
Kenya,1977,0
Kenya,1978,0
Kenya,1979,0
Kenya,1980,0
Kenya,1981,0
Kenya,1982,0
Kenya,1983,0
Kenya,1984,0
Kenya,1985,0
Kenya,1986,0
Kenya,1987,0
Kenya,1988,0
Kenya,1989,0
Kenya,1990,0
Kenya,1991,0
Kenya,1992,0
Kenya,1993,0
Kenya,1994,0
Kenya,1995,0
Kenya,1996,0
Kenya,1997,0
Kenya,1998,0
Kenya,1999,0
Kenya,2000,0
Kenya,2001,0
Kenya,2002,0
Kenya,2003,0
Kenya,2004,0
Kenya,2005,0
Kenya,2006,0
Kenya,2007,0
Kenya,2008,0
Kyrgyz Republic,1970,0
Kyrgyz Republic,1971,0
Kyrgyz Republic,1972,0
Kyrgyz Republic,1973,0
Kyrgyz Republic,1974,0
Kyrgyz Republic,1975,0
Kyrgyz Republic,1976,0
Kyrgyz Republic,1977,0
Kyrgyz Republic,1978,0
Kyrgyz Republic,1979,0
Kyrgyz Republic,1980,0
Kyrgyz Republic,1981,0
Kyrgyz Republic,1982,0
Kyrgyz Republic,1983,0
Kyrgyz Republic,1984,0
Kyrgyz Republic,1985,0
Kyrgyz Republic,1986,0
Kyrgyz Republic,1987,0
Kyrgyz Republic,1988,0
Kyrgyz Republic,1989,0
Kyrgyz Republic,1990,0
Kyrgyz Republic,1991,0
Kyrgyz Republic,1992,137000
Kyrgyz Republic,1993,0
Kyrgyz Republic,1994,0
Kyrgyz Republic,1995,0
Kyrgyz Republic,1996,0
Kyrgyz Republic,1997,1230
Kyrgyz Republic,1998,0
Kyrgyz Republic,1999,0
Kyrgyz Republic,2000,0
Kyrgyz Republic,2001,0
Kyrgyz Republic,2002,0
Kyrgyz Republic,2003,0
Kyrgyz Republic,2004,0
Kyrgyz Republic,2005,0
Kyrgyz Republic,2006,12100
Kyrgyz Republic,2007,0
Kyrgyz Republic,2008,4270
Malawi,1970,0
Malawi,1971,0
Malawi,1972,0
Malawi,1973,0
Malawi,1974,0
Malawi,1975,0
Malawi,1976,0
Malawi,1977,0
Malawi,1978,0
Malawi,1979,0
Malawi,1980,0
Malawi,1981,0
Malawi,1982,0
Malawi,1983,0
Malawi,1984,0
Malawi,1985,0
Malawi,1986,0
Malawi,1987,0
Malawi,1988,0
Malawi,1989,50100
Malawi,1990,0
Malawi,1991,0
Malawi,1992,0
Malawi,1993,0
Malawi,1994,0
Malawi,1995,0
Malawi,1996,0
Malawi,1997,0
Malawi,1998,0
Malawi,1999,0
Malawi,2000,0
Malawi,2001,0
Malawi,2002,0
Malawi,2003,0
Malawi,2004,0
Malawi,2005,0
Malawi,2006,0
Malawi,2007,0
Malawi,2008,0
Mexico,1970,0
Mexico,1971,0
Mexico,1972,0
Mexico,1973,517
Mexico,1974,0
Mexico,1975,0
Mexico,1976,0
Mexico,1977,0
Mexico,1978,3860
Mexico,1979,7540
Mexico,1980,6430
Mexico,1981,31
Mexico,1982,26
Mexico,1983,0
Mexico,1984,0
Mexico,1985,2140000
Mexico,1986,0
Mexico,1987,3050
Mexico,1988,0
Mexico,1989,353
Mexico,1990,0
Mexico,1991,0
Mexico,1992,0
Mexico,1993,0
Mexico,1994,0
Mexico,1995,67200
Mexico,1996,0
Mexico,1997,17000
Mexico,1998,0
Mexico,1999,138000
Mexico,2000,1
Mexico,2001,0
Mexico,2002,0
Mexico,2003,179000
Mexico,2004,0
Mexico,2005,0
Mexico,2006,0
Mexico,2007,0
Mexico,2008,0
Morocco,1970,0
Morocco,1971,0
Morocco,1972,0
Morocco,1973,0
Morocco,1974,0
Morocco,1975,0
Morocco,1976,0
Morocco,1977,0
Morocco,1978,0
Morocco,1979,0
Morocco,1980,0
Morocco,1981,0
Morocco,1982,0
Morocco,1983,0
Morocco,1984,0
Morocco,1985,0
Morocco,1986,0
Morocco,1987,0
Morocco,1988,0
Morocco,1989,0
Morocco,1990,0
Morocco,1991,0
Morocco,1992,0
Morocco,1993,0
Morocco,1994,0
Morocco,1995,0
Morocco,1996,0
Morocco,1997,0
Morocco,1998,0
Morocco,1999,0
Morocco,2000,0
Morocco,2001,0
Morocco,2002,0
Morocco,2003,0
Morocco,2004,14100
Morocco,2005,0
Morocco,2006,0
Morocco,2007,0
Morocco,2008,0
Mozambique,1970,0
Mozambique,1971,0
Mozambique,1972,0
Mozambique,1973,0
Mozambique,1974,0
Mozambique,1975,0
Mozambique,1976,0
Mozambique,1977,0
Mozambique,1978,0
Mozambique,1979,0
Mozambique,1980,0
Mozambique,1981,0
Mozambique,1982,0
Mozambique,1983,0
Mozambique,1984,0
Mozambique,1985,0
Mozambique,1986,0
Mozambique,1987,0
Mozambique,1988,0
Mozambique,1989,0
Mozambique,1990,0
Mozambique,1991,0
Mozambique,1992,0
Mozambique,1993,0
Mozambique,1994,0
Mozambique,1995,0
Mozambique,1996,0
Mozambique,1997,0
Mozambique,1998,0
Mozambique,1999,0
Mozambique,2000,0
Mozambique,2001,0
Mozambique,2002,0
Mozambique,2003,0
Mozambique,2004,0
Mozambique,2005,0
Mozambique,2006,1480
Mozambique,2007,0
Mozambique,2008,0
Myanmar,1970,0
Myanmar,1971,0
Myanmar,1972,0
Myanmar,1973,0
Myanmar,1974,0
Myanmar,1975,0
Myanmar,1976,0
Myanmar,1977,0
Myanmar,1978,0
Myanmar,1979,0
Myanmar,1980,0
Myanmar,1981,0
Myanmar,1982,0
Myanmar,1983,0
Myanmar,1984,0
Myanmar,1985,0
Myanmar,1986,0
Myanmar,1987,0
Myanmar,1988,0
Myanmar,1989,0
Myanmar,1990,0
Myanmar,1991,160
Myanmar,1992,0
Myanmar,1993,0
Myanmar,1994,0
Myanmar,1995,0
Myanmar,1996,0
Myanmar,1997,0
Myanmar,1998,0
Myanmar,1999,0
Myanmar,2000,0
Myanmar,2001,0
Myanmar,2002,0
Myanmar,2003,0
Myanmar,2004,0
Myanmar,2005,0
Myanmar,2006,0
Myanmar,2007,0
Myanmar,2008,0
Nepal,1970,0
Nepal,1971,0
Nepal,1972,0
Nepal,1973,0
Nepal,1974,0
Nepal,1975,0
Nepal,1976,0
Nepal,1977,0
Nepal,1978,0
Nepal,1979,0
Nepal,1980,241000
Nepal,1981,0
Nepal,1982,0
Nepal,1983,0
Nepal,1984,0
Nepal,1985,0
Nepal,1986,0
Nepal,1987,0
Nepal,1988,302000
Nepal,1989,0
Nepal,1990,0
Nepal,1991,0
Nepal,1992,0
Nepal,1993,285
Nepal,1994,0
Nepal,1995,0
Nepal,1996,0
Nepal,1997,0
Nepal,1998,0
Nepal,1999,0
Nepal,2000,0
Nepal,2001,0
Nepal,2002,0
Nepal,2003,0
Nepal,2004,0
Nepal,2005,0
Nepal,2006,0
Nepal,2007,0
Nepal,2008,0
Netherlands,1970,0
Netherlands,1971,0
Netherlands,1972,0
Netherlands,1973,0
Netherlands,1974,0
Netherlands,1975,0
Netherlands,1976,0
Netherlands,1977,0
Netherlands,1978,0
Netherlands,1979,0
Netherlands,1980,0
Netherlands,1981,0
Netherlands,1982,0
Netherlands,1983,0
Netherlands,1984,0
Netherlands,1985,0
Netherlands,1986,0
Netherlands,1987,0
Netherlands,1988,0
Netherlands,1989,0
Netherlands,1990,0
Netherlands,1991,0
Netherlands,1992,20
Netherlands,1993,0
Netherlands,1994,0
Netherlands,1995,0
Netherlands,1996,0
Netherlands,1997,0
Netherlands,1998,0
Netherlands,1999,0
Netherlands,2000,0
Netherlands,2001,0
Netherlands,2002,0
Netherlands,2003,0
Netherlands,2004,0
Netherlands,2005,0
Netherlands,2006,0
Netherlands,2007,0
Netherlands,2008,0
New Zealand,1970,0
New Zealand,1971,0
New Zealand,1972,0
New Zealand,1973,0
New Zealand,1974,0
New Zealand,1975,0
New Zealand,1976,0
New Zealand,1977,0
New Zealand,1978,0
New Zealand,1979,0
New Zealand,1980,0
New Zealand,1981,0
New Zealand,1982,0
New Zealand,1983,0
New Zealand,1984,0
New Zealand,1985,0
New Zealand,1986,0
New Zealand,1987,7030
New Zealand,1988,0
New Zealand,1989,0
New Zealand,1990,0
New Zealand,1991,0
New Zealand,1992,0
New Zealand,1993,0
New Zealand,1994,0
New Zealand,1995,0
New Zealand,1996,0
New Zealand,1997,0
New Zealand,1998,0
New Zealand,1999,0
New Zealand,2000,0
New Zealand,2001,0
New Zealand,2002,0
New Zealand,2003,0
New Zealand,2004,0
New Zealand,2005,0
New Zealand,2006,0
New Zealand,2007,0
New Zealand,2008,0
Nicaragua,1970,0
Nicaragua,1971,0
Nicaragua,1972,730000
Nicaragua,1973,0
Nicaragua,1974,0
Nicaragua,1975,0
Nicaragua,1976,0
Nicaragua,1977,0
Nicaragua,1978,0
Nicaragua,1979,0
Nicaragua,1980,0
Nicaragua,1981,0
Nicaragua,1982,0
Nicaragua,1983,0
Nicaragua,1984,0
Nicaragua,1985,0
Nicaragua,1986,0
Nicaragua,1987,0
Nicaragua,1988,0
Nicaragua,1989,0
Nicaragua,1990,0
Nicaragua,1991,0
Nicaragua,1992,6360
Nicaragua,1993,0
Nicaragua,1994,0
Nicaragua,1995,0
Nicaragua,1996,0
Nicaragua,1997,0
Nicaragua,1998,238
Nicaragua,1999,0
Nicaragua,2000,7480
Nicaragua,2001,0
Nicaragua,2002,0
Nicaragua,2003,0
Nicaragua,2004,0
Nicaragua,2005,0
Nicaragua,2006,0
Nicaragua,2007,0
Nicaragua,2008,0
North Korea,1970,0
North Korea,1971,0
North Korea,1972,0
North Korea,1973,0
North Korea,1974,0
North Korea,1975,0
North Korea,1976,0
North Korea,1977,0
North Korea,1978,0
North Korea,1979,0
North Korea,1980,0
North Korea,1981,0
North Korea,1982,0
North Korea,1983,0
North Korea,1984,0
North Korea,1985,0
North Korea,1986,0
North Korea,1987,0
North Korea,1988,0
North Korea,1989,0
North Korea,1990,0
North Korea,1991,0
North Korea,1992,0
North Korea,1993,0
North Korea,1994,0
North Korea,1995,0
North Korea,1996,0
North Korea,1997,0
North Korea,1998,0
North Korea,1999,0
North Korea,2000,0
North Korea,2001,0
North Korea,2002,0
North Korea,2003,0
North Korea,2004,0
North Korea,2005,0
North Korea,2006,0
North Korea,2007,0
North Korea,2008,0
Pakistan,1970,0
Pakistan,1971,0
Pakistan,1972,0
Pakistan,1973,0
Pakistan,1974,54900
Pakistan,1975,0
Pakistan,1976,0
Pakistan,1977,0
Pakistan,1978,0
Pakistan,1979,0
Pakistan,1980,0
Pakistan,1981,2490
Pakistan,1982,0
Pakistan,1983,567
Pakistan,1984,16
Pakistan,1985,12000
Pakistan,1986,750
Pakistan,1987,0
Pakistan,1988,0
Pakistan,1989,0
Pakistan,1990,318
Pakistan,1991,205000
Pakistan,1992,2140
Pakistan,1993,0
Pakistan,1994,0
Pakistan,1995,0
Pakistan,1996,0
Pakistan,1997,10200
Pakistan,1998,612
Pakistan,1999,0
Pakistan,2000,0
Pakistan,2001,914000
Pakistan,2002,156000
Pakistan,2003,0
Pakistan,2004,13200
Pakistan,2005,5200000
Pakistan,2006,0
Pakistan,2007,0
Pakistan,2008,75500
Panama,1970,0
Panama,1971,0
Panama,1972,0
Panama,1973,0
Panama,1974,0
Panama,1975,0
Panama,1976,0
Panama,1977,0
Panama,1978,0
Panama,1979,0
Panama,1980,0
Panama,1981,0
Panama,1982,0
Panama,1983,0
Panama,1984,0
Panama,1985,0
Panama,1986,0
Panama,1987,0
Panama,1988,0
Panama,1989,0
Panama,1990,0
Panama,1991,20100
Panama,1992,0
Panama,1993,0
Panama,1994,0
Panama,1995,0
Panama,1996,0
Panama,1997,0
Panama,1998,0
Panama,1999,0
Panama,2000,0
Panama,2001,0
Panama,2002,0
Panama,2003,1420
Panama,2004,0
Panama,2005,0
Panama,2006,0
Panama,2007,0
Panama,2008,0
Papua New Guinea,1970,15
Papua New Guinea,1971,0
Papua New Guinea,1972,0
Papua New Guinea,1973,0
Papua New Guinea,1974,0
Papua New Guinea,1975,0
Papua New Guinea,1976,0
Papua New Guinea,1977,0
Papua New Guinea,1978,0
Papua New Guinea,1979,0
Papua New Guinea,1980,0
Papua New Guinea,1981,0
Papua New Guinea,1982,0
Papua New Guinea,1983,10
Papua New Guinea,1984,0
Papua New Guinea,1985,0
Papua New Guinea,1986,1000
Papua New Guinea,1987,4000
Papua New Guinea,1988,0
Papua New Guinea,1989,0
Papua New Guinea,1990,0
Papua New Guinea,1991,0
Papua New Guinea,1992,0
Papua New Guinea,1993,20300
Papua New Guinea,1994,0
Papua New Guinea,1995,0
Papua New Guinea,1996,0
Papua New Guinea,1997,0
Papua New Guinea,1998,0
Papua New Guinea,1999,0
Papua New Guinea,2000,5000
Papua New Guinea,2001,201
Papua New Guinea,2002,5480
Papua New Guinea,2003,0
Papua New Guinea,2004,0
Papua New Guinea,2005,201
Papua New Guinea,2006,0
Papua New Guinea,2007,0
Papua New Guinea,2008,0
Peru,1970,3300000
Peru,1971,0
Peru,1972,1580000
Peru,1973,0
Peru,1974,43800
Peru,1975,0
Peru,1976,0
Peru,1977,0
Peru,1978,0
Peru,1979,1110
Peru,1980,3010
Peru,1981,12300
Peru,1982,3
Peru,1983,10
Peru,1984,0
Peru,1985,400
Peru,1986,8200
Peru,1987,0
Peru,1988,0
Peru,1989,0
Peru,1990,101000
Peru,1991,47400
Peru,1992,0
Peru,1993,151
Peru,1994,0
Peru,1995,0
Peru,1996,76000
Peru,1997,0
Peru,1998,0
Peru,1999,8130
Peru,2000,0
Peru,2001,354000
Peru,2002,0
Peru,2003,0
Peru,2004,0
Peru,2005,2510
Peru,2006,0
Peru,2007,481000
Peru,2008,0
Philippines,1970,214
Philippines,1971,0
Philippines,1972,0
Philippines,1973,78
Philippines,1974,0
Philippines,1975,0
Philippines,1976,187000
Philippines,1977,60000
Philippines,1978,0
Philippines,1979,0
Philippines,1980,0
Philippines,1981,0
Philippines,1982,0
Philippines,1983,1920
Philippines,1984,0
Philippines,1985,177
Philippines,1986,0
Philippines,1987,0
Philippines,1988,0
Philippines,1989,0
Philippines,1990,1630000
Philippines,1991,0
Philippines,1992,0
Philippines,1993,0
Philippines,1994,271000
Philippines,1995,0
Philippines,1996,0
Philippines,1997,0
Philippines,1998,0
Philippines,1999,196
Philippines,2000,0
Philippines,2001,0
Philippines,2002,73500
Philippines,2003,0
Philippines,2004,0
Philippines,2005,0
Philippines,2006,0
Philippines,2007,0
Philippines,2008,0
Poland,1970,0
Poland,1971,0
Poland,1972,0
Poland,1973,0
Poland,1974,0
Poland,1975,0
Poland,1976,0
Poland,1977,0
Poland,1978,0
Poland,1979,0
Poland,1980,0
Poland,1981,0
Poland,1982,1050
Poland,1983,0
Poland,1984,0
Poland,1985,0
Poland,1986,0
Poland,1987,0
Poland,1988,0
Poland,1989,0
Poland,1990,0
Poland,1991,0
Poland,1992,0
Poland,1993,0
Poland,1994,0
Poland,1995,0
Poland,1996,0
Poland,1997,0
Poland,1998,0
Poland,1999,0
Poland,2000,0
Poland,2001,0
Poland,2002,0
Poland,2003,0
Poland,2004,0
Poland,2005,0
Poland,2006,0
Poland,2007,0
Poland,2008,0
Romania,1970,0
Romania,1971,0
Romania,1972,0
Romania,1973,0
Romania,1974,0
Romania,1975,0
Romania,1976,0
Romania,1977,388000
Romania,1978,0
Romania,1979,0
Romania,1980,0
Romania,1981,0
Romania,1982,0
Romania,1983,0
Romania,1984,0
Romania,1985,0
Romania,1986,0
Romania,1987,0
Romania,1988,0
Romania,1989,0
Romania,1990,709
Romania,1991,5850
Romania,1992,0
Romania,1993,0
Romania,1994,0
Romania,1995,0
Romania,1996,0
Romania,1997,0
Romania,1998,0
Romania,1999,0
Romania,2000,0
Romania,2001,0
Romania,2002,0
Romania,2003,0
Romania,2004,0
Romania,2005,0
Romania,2006,0
Romania,2007,0
Romania,2008,0
Russia,1970,0
Russia,1971,0
Russia,1972,0
Russia,1973,0
Russia,1974,0
Russia,1975,0
Russia,1976,0
Russia,1977,0
Russia,1978,0
Russia,1979,0
Russia,1980,0
Russia,1981,0
Russia,1982,0
Russia,1983,0
Russia,1984,0
Russia,1985,0
Russia,1986,0
Russia,1987,0
Russia,1988,0
Russia,1989,0
Russia,1990,0
Russia,1991,0
Russia,1992,0
Russia,1993,0
Russia,1994,2350
Russia,1995,2740
Russia,1996,0
Russia,1997,0
Russia,1998,0
Russia,1999,11300
Russia,2000,19100
Russia,2001,0
Russia,2002,0
Russia,2003,1810
Russia,2004,138
Russia,2005,0
Russia,2006,12000
Russia,2007,7510
Russia,2008,5250
Rwanda,1970,0
Rwanda,1971,0
Rwanda,1972,0
Rwanda,1973,0
Rwanda,1974,0
Rwanda,1975,0
Rwanda,1976,0
Rwanda,1977,0
Rwanda,1978,0
Rwanda,1979,0
Rwanda,1980,0
Rwanda,1981,0
Rwanda,1982,0
Rwanda,1983,0
Rwanda,1984,0
Rwanda,1985,0
Rwanda,1986,0
Rwanda,1987,0
Rwanda,1988,0
Rwanda,1989,0
Rwanda,1990,0
Rwanda,1991,0
Rwanda,1992,0
Rwanda,1993,0
Rwanda,1994,0
Rwanda,1995,0
Rwanda,1996,0
Rwanda,1997,0
Rwanda,1998,0
Rwanda,1999,0
Rwanda,2000,0
Rwanda,2001,0
Rwanda,2002,1690
Rwanda,2003,0
Rwanda,2004,0
Rwanda,2005,0
Rwanda,2006,0
Rwanda,2007,0
Rwanda,2008,679
Slovenia,1970,0
Slovenia,1971,0
Slovenia,1972,0
Slovenia,1973,0
Slovenia,1974,0
Slovenia,1975,0
Slovenia,1976,0
Slovenia,1977,0
Slovenia,1978,0
Slovenia,1979,0
Slovenia,1980,0
Slovenia,1981,0
Slovenia,1982,0
Slovenia,1983,0
Slovenia,1984,0
Slovenia,1985,0
Slovenia,1986,0
Slovenia,1987,0
Slovenia,1988,0
Slovenia,1989,0
Slovenia,1990,0
Slovenia,1991,0
Slovenia,1992,0
Slovenia,1993,0
Slovenia,1994,0
Slovenia,1995,0
Slovenia,1996,0
Slovenia,1997,0
Slovenia,1998,700
Slovenia,1999,0
Slovenia,2000,0
Slovenia,2001,0
Slovenia,2002,0
Slovenia,2003,0
Slovenia,2004,606
Slovenia,2005,0
Slovenia,2006,0
Slovenia,2007,0
Slovenia,2008,0
Solomon Islands,1970,0
Solomon Islands,1971,0
Solomon Islands,1972,0
Solomon Islands,1973,0
Solomon Islands,1974,0
Solomon Islands,1975,0
Solomon Islands,1976,0
Solomon Islands,1977,1030
Solomon Islands,1978,0
Solomon Islands,1979,0
Solomon Islands,1980,0
Solomon Islands,1981,0
Solomon Islands,1982,0
Solomon Islands,1983,0
Solomon Islands,1984,0
Solomon Islands,1985,0
Solomon Islands,1986,0
Solomon Islands,1987,0
Solomon Islands,1988,501
Solomon Islands,1989,0
Solomon Islands,1990,0
Solomon Islands,1991,0
Solomon Islands,1992,0
Solomon Islands,1993,0
Solomon Islands,1994,0
Solomon Islands,1995,0
Solomon Islands,1996,0
Solomon Islands,1997,0
Solomon Islands,1998,0
Solomon Islands,1999,0
Solomon Islands,2000,0
Solomon Islands,2001,0
Solomon Islands,2002,0
Solomon Islands,2003,0
Solomon Islands,2004,0
Solomon Islands,2005,0
Solomon Islands,2006,0
Solomon Islands,2007,0
Solomon Islands,2008,0
South Africa,1970,0
South Africa,1971,0
South Africa,1972,0
South Africa,1973,0
South Africa,1974,0
South Africa,1975,0
South Africa,1976,0
South Africa,1977,0
South Africa,1978,0
South Africa,1979,0
South Africa,1980,0
South Africa,1981,0
South Africa,1982,17
South Africa,1983,0
South Africa,1984,0
South Africa,1985,0
South Africa,1986,0
South Africa,1987,319
South Africa,1988,36
South Africa,1989,0
South Africa,1990,16
South Africa,1991,0
South Africa,1992,0
South Africa,1993,0
South Africa,1994,0
South Africa,1995,0
South Africa,1996,0
South Africa,1997,61
South Africa,1998,0
South Africa,1999,0
South Africa,2000,0
South Africa,2001,0
South Africa,2002,0
South Africa,2003,0
South Africa,2004,0
South Africa,2005,60
South Africa,2006,0
South Africa,2007,0
South Africa,2008,0
Spain,1970,0
Spain,1971,0
Spain,1972,0
Spain,1973,0
Spain,1974,0
Spain,1975,0
Spain,1976,0
Spain,1977,0
Spain,1978,0
Spain,1979,0
Spain,1980,0
Spain,1981,0
Spain,1982,0
Spain,1983,0
Spain,1984,0
Spain,1985,0
Spain,1986,0
Spain,1987,0
Spain,1988,0
Spain,1989,0
Spain,1990,0
Spain,1991,0
Spain,1992,0
Spain,1993,0
Spain,1994,0
Spain,1995,0
Spain,1996,0
Spain,1997,0
Spain,1998,0
Spain,1999,20
Spain,2000,0
Spain,2001,0
Spain,2002,0
Spain,2003,0
Spain,2004,0
Spain,2005,0
Spain,2006,0
Spain,2007,0
Spain,2008,0
St. Lucia,1970,0
St. Lucia,1971,0
St. Lucia,1972,0
St. Lucia,1973,0
St. Lucia,1974,0
St. Lucia,1975,0
St. Lucia,1976,0
St. Lucia,1977,0
St. Lucia,1978,0
St. Lucia,1979,0
St. Lucia,1980,0
St. Lucia,1981,0
St. Lucia,1982,0
St. Lucia,1983,0
St. Lucia,1984,0
St. Lucia,1985,0
St. Lucia,1986,0
St. Lucia,1987,0
St. Lucia,1988,0
St. Lucia,1989,0
St. Lucia,1990,0
St. Lucia,1991,0
St. Lucia,1992,0
St. Lucia,1993,0
St. Lucia,1994,0
St. Lucia,1995,0
St. Lucia,1996,0
St. Lucia,1997,0
St. Lucia,1998,0
St. Lucia,1999,0
St. Lucia,2000,0
St. Lucia,2001,0
St. Lucia,2002,0
St. Lucia,2003,0
St. Lucia,2004,0
St. Lucia,2005,0
St. Lucia,2006,0
St. Lucia,2007,0
St. Lucia,2008,0
Sudan,1970,0
Sudan,1971,0
Sudan,1972,0
Sudan,1973,0
Sudan,1974,0
Sudan,1975,0
Sudan,1976,0
Sudan,1977,0
Sudan,1978,0
Sudan,1979,0
Sudan,1980,0
Sudan,1981,0
Sudan,1982,0
Sudan,1983,0
Sudan,1984,0
Sudan,1985,0
Sudan,1986,0
Sudan,1987,0
Sudan,1988,0
Sudan,1989,0
Sudan,1990,8000
Sudan,1991,0
Sudan,1992,0
Sudan,1993,18
Sudan,1994,0
Sudan,1995,0
Sudan,1996,0
Sudan,1997,0
Sudan,1998,0
Sudan,1999,0
Sudan,2000,0
Sudan,2001,0
Sudan,2002,0
Sudan,2003,0
Sudan,2004,0
Sudan,2005,0
Sudan,2006,0
Sudan,2007,0
Sudan,2008,0
Tajikistan,1970,0
Tajikistan,1971,0
Tajikistan,1972,0
Tajikistan,1973,0
Tajikistan,1974,0
Tajikistan,1975,0
Tajikistan,1976,0
Tajikistan,1977,0
Tajikistan,1978,0
Tajikistan,1979,0
Tajikistan,1980,0
Tajikistan,1981,0
Tajikistan,1982,0
Tajikistan,1983,0
Tajikistan,1984,0
Tajikistan,1985,0
Tajikistan,1986,0
Tajikistan,1987,0
Tajikistan,1988,0
Tajikistan,1989,0
Tajikistan,1990,0
Tajikistan,1991,0
Tajikistan,1992,0
Tajikistan,1993,0
Tajikistan,1994,0
Tajikistan,1995,0
Tajikistan,1996,0
Tajikistan,1997,0
Tajikistan,1998,0
Tajikistan,1999,0
Tajikistan,2000,6000
Tajikistan,2001,0
Tajikistan,2002,1550
Tajikistan,2003,0
Tajikistan,2004,180
Tajikistan,2005,0
Tajikistan,2006,15400
Tajikistan,2007,7010
Tajikistan,2008,0
Tanzania,1970,0
Tanzania,1971,0
Tanzania,1972,0
Tanzania,1973,0
Tanzania,1974,0
Tanzania,1975,0
Tanzania,1976,0
Tanzania,1977,0
Tanzania,1978,0
Tanzania,1979,0
Tanzania,1980,0
Tanzania,1981,0
Tanzania,1982,0
Tanzania,1983,0
Tanzania,1984,0
Tanzania,1985,0
Tanzania,1986,0
Tanzania,1987,0
Tanzania,1988,0
Tanzania,1989,0
Tanzania,1990,0
Tanzania,1991,0
Tanzania,1992,0
Tanzania,1993,0
Tanzania,1994,0
Tanzania,1995,0
Tanzania,1996,0
Tanzania,1997,0
Tanzania,1998,0
Tanzania,1999,0
Tanzania,2000,792
Tanzania,2001,700
Tanzania,2002,2000
Tanzania,2003,0
Tanzania,2004,0
Tanzania,2005,5000
Tanzania,2006,0
Tanzania,2007,0
Tanzania,2008,0
Thailand,1970,0
Thailand,1971,0
Thailand,1972,0
Thailand,1973,0
Thailand,1974,0
Thailand,1975,0
Thailand,1976,0
Thailand,1977,0
Thailand,1978,0
Thailand,1979,0
Thailand,1980,0
Thailand,1981,0
Thailand,1982,0
Thailand,1983,0
Thailand,1984,0
Thailand,1985,0
Thailand,1986,0
Thailand,1987,0
Thailand,1988,0
Thailand,1989,0
Thailand,1990,0
Thailand,1991,0
Thailand,1992,0
Thailand,1993,0
Thailand,1994,0
Thailand,1995,0
Thailand,1996,0
Thailand,1997,0
Thailand,1998,0
Thailand,1999,0
Thailand,2000,0
Thailand,2001,0
Thailand,2002,0
Thailand,2003,0
Thailand,2004,0
Thailand,2005,0
Thailand,2006,0
Thailand,2007,0
Thailand,2008,0
Tonga,1970,0
Tonga,1971,0
Tonga,1972,0
Tonga,1973,0
Tonga,1974,0
Tonga,1975,0
Tonga,1976,0
Tonga,1977,5510
Tonga,1978,0
Tonga,1979,0
Tonga,1980,0
Tonga,1981,0
Tonga,1982,0
Tonga,1983,0
Tonga,1984,0
Tonga,1985,0
Tonga,1986,0
Tonga,1987,0
Tonga,1988,0
Tonga,1989,0
Tonga,1990,0
Tonga,1991,0
Tonga,1992,0
Tonga,1993,0
Tonga,1994,0
Tonga,1995,0
Tonga,1996,0
Tonga,1997,0
Tonga,1998,0
Tonga,1999,0
Tonga,2000,0
Tonga,2001,0
Tonga,2002,0
Tonga,2003,0
Tonga,2004,0
Tonga,2005,0
Tonga,2006,0
Tonga,2007,0
Tonga,2008,0
Trinidad and Tobago,1970,0
Trinidad and Tobago,1971,0
Trinidad and Tobago,1972,0
Trinidad and Tobago,1973,0
Trinidad and Tobago,1974,0
Trinidad and Tobago,1975,0
Trinidad and Tobago,1976,0
Trinidad and Tobago,1977,0
Trinidad and Tobago,1978,0
Trinidad and Tobago,1979,0
Trinidad and Tobago,1980,0
Trinidad and Tobago,1981,0
Trinidad and Tobago,1982,0
Trinidad and Tobago,1983,0
Trinidad and Tobago,1984,0
Trinidad and Tobago,1985,0
Trinidad and Tobago,1986,0
Trinidad and Tobago,1987,0
Trinidad and Tobago,1988,0
Trinidad and Tobago,1989,0
Trinidad and Tobago,1990,0
Trinidad and Tobago,1991,0
Trinidad and Tobago,1992,0
Trinidad and Tobago,1993,0
Trinidad and Tobago,1994,0
Trinidad and Tobago,1995,0
Trinidad and Tobago,1996,0
Trinidad and Tobago,1997,17
Trinidad and Tobago,1998,0
Trinidad and Tobago,1999,0
Trinidad and Tobago,2000,0
Trinidad and Tobago,2001,0
Trinidad and Tobago,2002,0
Trinidad and Tobago,2003,0
Trinidad and Tobago,2004,0
Trinidad and Tobago,2005,0
Trinidad and Tobago,2006,0
Trinidad and Tobago,2007,0
Trinidad and Tobago,2008,0
Turkey,1970,84500
Turkey,1971,89600
Turkey,1972,0
Turkey,1973,0
Turkey,1974,0
Turkey,1975,55800
Turkey,1976,220000
Turkey,1977,30
Turkey,1978,0
Turkey,1979,0
Turkey,1980,0
Turkey,1981,0
Turkey,1982,0
Turkey,1983,836000
Turkey,1984,750000
Turkey,1985,744
Turkey,1986,21100
Turkey,1987,0
Turkey,1988,0
Turkey,1989,0
Turkey,1990,0
Turkey,1991,0
Turkey,1992,350000
Turkey,1993,0
Turkey,1994,0
Turkey,1995,160000
Turkey,1996,26000
Turkey,1997,0
Turkey,1998,1590000
Turkey,1999,1600000
Turkey,2000,24100
Turkey,2001,611
Turkey,2002,252000
Turkey,2003,291000
Turkey,2004,36900
Turkey,2005,3050
Turkey,2006,0
Turkey,2007,0
Turkey,2008,0
Turkmenistan,1970,0
Turkmenistan,1971,0
Turkmenistan,1972,0
Turkmenistan,1973,0
Turkmenistan,1974,0
Turkmenistan,1975,0
Turkmenistan,1976,0
Turkmenistan,1977,0
Turkmenistan,1978,0
Turkmenistan,1979,0
Turkmenistan,1980,0
Turkmenistan,1981,0
Turkmenistan,1982,0
Turkmenistan,1983,0
Turkmenistan,1984,0
Turkmenistan,1985,0
Turkmenistan,1986,0
Turkmenistan,1987,0
Turkmenistan,1988,0
Turkmenistan,1989,0
Turkmenistan,1990,0
Turkmenistan,1991,0
Turkmenistan,1992,0
Turkmenistan,1993,0
Turkmenistan,1994,0
Turkmenistan,1995,0
Turkmenistan,1996,0
Turkmenistan,1997,0
Turkmenistan,1998,0
Turkmenistan,1999,0
Turkmenistan,2000,11
Turkmenistan,2001,0
Turkmenistan,2002,0
Turkmenistan,2003,0
Turkmenistan,2004,0
Turkmenistan,2005,0
Turkmenistan,2006,0
Turkmenistan,2007,0
Turkmenistan,2008,0
Uganda,1970,0
Uganda,1971,0
Uganda,1972,0
Uganda,1973,0
Uganda,1974,0
Uganda,1975,0
Uganda,1976,0
Uganda,1977,0
Uganda,1978,0
Uganda,1979,0
Uganda,1980,0
Uganda,1981,0
Uganda,1982,0
Uganda,1983,0
Uganda,1984,0
Uganda,1985,0
Uganda,1986,0
Uganda,1987,0
Uganda,1988,2000
Uganda,1989,0
Uganda,1990,0
Uganda,1991,0
Uganda,1992,0
Uganda,1993,0
Uganda,1994,50000
Uganda,1995,0
Uganda,1996,0
Uganda,1997,0
Uganda,1998,0
Uganda,1999,0
Uganda,2000,0
Uganda,2001,0
Uganda,2002,0
Uganda,2003,0
Uganda,2004,0
Uganda,2005,0
Uganda,2006,0
Uganda,2007,0
Uganda,2008,0
United Kingdom,1970,0
United Kingdom,1971,0
United Kingdom,1972,0
United Kingdom,1973,0
United Kingdom,1974,0
United Kingdom,1975,0
United Kingdom,1976,0
United Kingdom,1977,0
United Kingdom,1978,0
United Kingdom,1979,0
United Kingdom,1980,0
United Kingdom,1981,0
United Kingdom,1982,0
United Kingdom,1983,0
United Kingdom,1984,0
United Kingdom,1985,0
United Kingdom,1986,0
United Kingdom,1987,0
United Kingdom,1988,0
United Kingdom,1989,0
United Kingdom,1990,0
United Kingdom,1991,0
United Kingdom,1992,0
United Kingdom,1993,0
United Kingdom,1994,0
United Kingdom,1995,0
United Kingdom,1996,0
United Kingdom,1997,0
United Kingdom,1998,0
United Kingdom,1999,0
United Kingdom,2000,0
United Kingdom,2001,0
United Kingdom,2002,0
United Kingdom,2003,0
United Kingdom,2004,0
United Kingdom,2005,0
United Kingdom,2006,0
United Kingdom,2007,0
United Kingdom,2008,0
United States,1970,0
United States,1971,1070
United States,1972,0
United States,1973,0
United States,1974,0
United States,1975,0
United States,1976,0
United States,1977,0
United States,1978,0
United States,1979,0
United States,1980,2
United States,1981,0
United States,1982,0
United States,1983,1560
United States,1984,0
United States,1985,0
United States,1986,179
United States,1987,2300
United States,1988,0
United States,1989,4140
United States,1990,150
United States,1991,102
United States,1992,395
United States,1993,3000
United States,1994,27300
United States,1995,0
United States,1996,0
United States,1997,0
United States,1998,0
United States,1999,0
United States,2000,25200
United States,2001,401
United States,2002,0
United States,2003,162
United States,2004,0
United States,2005,0
United States,2006,3530
United States,2007,0
United States,2008,2100
Uzbekistan,1970,0
Uzbekistan,1971,0
Uzbekistan,1972,0
Uzbekistan,1973,0
Uzbekistan,1974,0
Uzbekistan,1975,0
Uzbekistan,1976,0
Uzbekistan,1977,0
Uzbekistan,1978,0
Uzbekistan,1979,0
Uzbekistan,1980,0
Uzbekistan,1981,0
Uzbekistan,1982,0
Uzbekistan,1983,0
Uzbekistan,1984,0
Uzbekistan,1985,0
Uzbekistan,1986,0
Uzbekistan,1987,0
Uzbekistan,1988,0
Uzbekistan,1989,0
Uzbekistan,1990,0
Uzbekistan,1991,0
Uzbekistan,1992,50000
Uzbekistan,1993,0
Uzbekistan,1994,0
Uzbekistan,1995,0
Uzbekistan,1996,0
Uzbekistan,1997,0
Uzbekistan,1998,0
Uzbekistan,1999,0
Uzbekistan,2000,0
Uzbekistan,2001,0
Uzbekistan,2002,0
Uzbekistan,2003,0
Uzbekistan,2004,0
Uzbekistan,2005,0
Uzbekistan,2006,0
Uzbekistan,2007,0
Uzbekistan,2008,0
Vanuatu,1970,0
Vanuatu,1971,0
Vanuatu,1972,0
Vanuatu,1973,0
Vanuatu,1974,0
Vanuatu,1975,0
Vanuatu,1976,0
Vanuatu,1977,0
Vanuatu,1978,0
Vanuatu,1979,0
Vanuatu,1980,0
Vanuatu,1981,0
Vanuatu,1982,0
Vanuatu,1983,0
Vanuatu,1984,0
Vanuatu,1985,0
Vanuatu,1986,0
Vanuatu,1987,0
Vanuatu,1988,0
Vanuatu,1989,0
Vanuatu,1990,2
Vanuatu,1991,0
Vanuatu,1992,0
Vanuatu,1993,0
Vanuatu,1994,0
Vanuatu,1995,0
Vanuatu,1996,0
Vanuatu,1997,0
Vanuatu,1998,0
Vanuatu,1999,14100
Vanuatu,2000,0
Vanuatu,2001,0
Vanuatu,2002,1000
Vanuatu,2003,0
Vanuatu,2004,0
Vanuatu,2005,0
Vanuatu,2006,0
Vanuatu,2007,0
Vanuatu,2008,0
Venezuela,1970,0
Venezuela,1971,0
Venezuela,1972,0
Venezuela,1973,0
Venezuela,1974,0
Venezuela,1975,0
Venezuela,1976,0
Venezuela,1977,0
Venezuela,1978,0
Venezuela,1979,0
Venezuela,1980,186
Venezuela,1981,15
Venezuela,1982,0
Venezuela,1983,0
Venezuela,1984,0
Venezuela,1985,0
Venezuela,1986,1000
Venezuela,1987,0
Venezuela,1988,0
Venezuela,1989,2000
Venezuela,1990,0
Venezuela,1991,0
Venezuela,1992,0
Venezuela,1993,0
Venezuela,1994,0
Venezuela,1995,0
Venezuela,1996,0
Venezuela,1997,4260
Venezuela,1998,0
Venezuela,1999,0
Venezuela,2000,0
Venezuela,2001,0
Venezuela,2002,0
Venezuela,2003,0
Venezuela,2004,0
Venezuela,2005,0
Venezuela,2006,0
Venezuela,2007,0
Venezuela,2008,0
Yemen,1970,0
Yemen,1971,0
Yemen,1972,0
Yemen,1973,0
Yemen,1974,0
Yemen,1975,0
Yemen,1976,0
Yemen,1977,0
Yemen,1978,0
Yemen,1979,0
Yemen,1980,0
Yemen,1981,0
Yemen,1982,0
Yemen,1983,0
Yemen,1984,0
Yemen,1985,0
Yemen,1986,0
Yemen,1987,0
Yemen,1988,0
Yemen,1989,0
Yemen,1990,0
Yemen,1991,40100
Yemen,1992,0
Yemen,1993,0
Yemen,1994,0
Yemen,1995,0
Yemen,1996,0
Yemen,1997,0
Yemen,1998,0
Yemen,1999,0
Yemen,2000,0
Yemen,2001,0
Yemen,2002,0
Yemen,2003,0
Yemen,2004,0
Yemen,2005,0
Yemen,2006,0
Yemen,2007,0
Yemen,2008,0
