Country,Year,urban_poverty_percent_urban_people_below_national_urban
Afghanistan,1985,
Afghanistan,1986,
Afghanistan,1987,
Afghanistan,1988,
Afghanistan,1989,
Afghanistan,1990,
Afghanistan,1991,
Afghanistan,1992,
Afghanistan,1993,
Afghanistan,1994,
Afghanistan,1995,
Afghanistan,1996,
Afghanistan,1997,
Afghanistan,1998,
Afghanistan,1999,
Afghanistan,2000,
Afghanistan,2001,
Afghanistan,2002,
Afghanistan,2003,
Afghanistan,2004,
Afghanistan,2005,
Afghanistan,2006,
Afghanistan,2007,28.9
Afghanistan,2008,
Afghanistan,2009,
Afghanistan,2010,
Afghanistan,2011,27.6
Afghanistan,2012,
Afghanistan,2013,
Afghanistan,2014,
Afghanistan,2015,
Albania,1985,
Albania,1986,
Albania,1987,
Albania,1988,
Albania,1989,
Albania,1990,
Albania,1991,
Albania,1992,
Albania,1993,
Albania,1994,
Albania,1995,
Albania,1996,
Albania,1997,
Albania,1998,
Albania,1999,
Albania,2000,
Albania,2001,
Albania,2002,19.5
Albania,2003,
Albania,2004,
Albania,2005,11.2
Albania,2006,
Albania,2007,
Albania,2008,10.1
Albania,2009,
Albania,2010,
Albania,2011,
Albania,2012,13.6
Albania,2013,
Albania,2014,
Albania,2015,
Algeria,1985,
Algeria,1986,
Algeria,1987,
Algeria,1988,
Algeria,1989,
Algeria,1990,
Algeria,1991,
Algeria,1992,
Algeria,1993,
Algeria,1994,
Algeria,1995,
Algeria,1996,
Algeria,1997,
Algeria,1998,
Algeria,1999,
Algeria,2000,
Algeria,2001,
Algeria,2002,
Algeria,2003,
Algeria,2004,
Algeria,2005,
Algeria,2006,
Algeria,2007,
Algeria,2008,
Algeria,2009,
Algeria,2010,
Algeria,2011,5.8
Algeria,2012,
Algeria,2013,
Algeria,2014,
Algeria,2015,
Angola,1985,
Angola,1986,
Angola,1987,
Angola,1988,
Angola,1989,
Angola,1990,
Angola,1991,
Angola,1992,
Angola,1993,
Angola,1994,
Angola,1995,
Angola,1996,
Angola,1997,
Angola,1998,
Angola,1999,
Angola,2000,
Angola,2001,
Angola,2002,
Angola,2003,
Angola,2004,
Angola,2005,
Angola,2006,
Angola,2007,
Angola,2008,18.7
Angola,2009,
Angola,2010,
Angola,2011,
Angola,2012,
Angola,2013,
Angola,2014,
Angola,2015,
Argentina,1985,
Argentina,1986,
Argentina,1987,
Argentina,1988,
Argentina,1989,
Argentina,1990,
Argentina,1991,
Argentina,1992,
Argentina,1993,
Argentina,1994,
Argentina,1995,
Argentina,1996,
Argentina,1997,
Argentina,1998,
Argentina,1999,
Argentina,2000,
Argentina,2001,
Argentina,2002,
Argentina,2003,47.8
Argentina,2004,40.2
Argentina,2005,33.8
Argentina,2006,26.9
Argentina,2007,20.6
Argentina,2008,15.3
Argentina,2009,13.2
Argentina,2010,9.9
Argentina,2011,6.5
Argentina,2012,5.4
Argentina,2013,4.7
Argentina,2014,
Argentina,2015,
Armenia,1985,
Armenia,1986,
Armenia,1987,
Armenia,1988,
Armenia,1989,
Armenia,1990,
Armenia,1991,
Armenia,1992,
Armenia,1993,
Armenia,1994,
Armenia,1995,
Armenia,1996,
Armenia,1997,
Armenia,1998,
Armenia,1999,
Armenia,2000,
Armenia,2001,
Armenia,2002,
Armenia,2003,
Armenia,2004,
Armenia,2005,
Armenia,2006,
Armenia,2007,
Armenia,2008,27.6
Armenia,2009,33.7
Armenia,2010,35.7
Armenia,2011,35.2
Armenia,2012,32.5
Armenia,2013,32.2
Armenia,2014,30.0
Armenia,2015,
Azerbaijan,1985,
Azerbaijan,1986,
Azerbaijan,1987,
Azerbaijan,1988,
Azerbaijan,1989,
Azerbaijan,1990,
Azerbaijan,1991,
Azerbaijan,1992,
Azerbaijan,1993,
Azerbaijan,1994,
Azerbaijan,1995,
Azerbaijan,1996,
Azerbaijan,1997,
Azerbaijan,1998,
Azerbaijan,1999,
Azerbaijan,2000,
Azerbaijan,2001,55.7
Azerbaijan,2002,
Azerbaijan,2003,
Azerbaijan,2004,
Azerbaijan,2005,
Azerbaijan,2006,
Azerbaijan,2007,
Azerbaijan,2008,
Azerbaijan,2009,
Azerbaijan,2010,
Azerbaijan,2011,
Azerbaijan,2012,
Azerbaijan,2013,
Azerbaijan,2014,
Azerbaijan,2015,
Bangladesh,1985,
Bangladesh,1986,
Bangladesh,1987,
Bangladesh,1988,
Bangladesh,1989,
Bangladesh,1990,
Bangladesh,1991,
Bangladesh,1992,
Bangladesh,1993,
Bangladesh,1994,
Bangladesh,1995,
Bangladesh,1996,
Bangladesh,1997,
Bangladesh,1998,
Bangladesh,1999,
Bangladesh,2000,35.2
Bangladesh,2001,
Bangladesh,2002,
Bangladesh,2003,
Bangladesh,2004,
Bangladesh,2005,28.4
Bangladesh,2006,
Bangladesh,2007,
Bangladesh,2008,
Bangladesh,2009,
Bangladesh,2010,21.3
Bangladesh,2011,
Bangladesh,2012,
Bangladesh,2013,
Bangladesh,2014,
Bangladesh,2015,
Belarus,1985,
Belarus,1986,
Belarus,1987,
Belarus,1988,
Belarus,1989,
Belarus,1990,
Belarus,1991,
Belarus,1992,
Belarus,1993,
Belarus,1994,
Belarus,1995,
Belarus,1996,
Belarus,1997,
Belarus,1998,
Belarus,1999,
Belarus,2000,37.9
Belarus,2001,
Belarus,2002,
Belarus,2003,
Belarus,2004,
Belarus,2005,10.9
Belarus,2006,9.1
Belarus,2007,5.6
Belarus,2008,4.4
Belarus,2009,4.0
Belarus,2010,3.8
Belarus,2011,5.8
Belarus,2012,5.2
Belarus,2013,4.2
Belarus,2014,3.7
Belarus,2015,3.7
Benin,1985,
Benin,1986,
Benin,1987,
Benin,1988,
Benin,1989,
Benin,1990,
Benin,1991,
Benin,1992,
Benin,1993,
Benin,1994,
Benin,1995,
Benin,1996,
Benin,1997,
Benin,1998,
Benin,1999,
Benin,2000,
Benin,2001,
Benin,2002,
Benin,2003,
Benin,2004,
Benin,2005,
Benin,2006,35.4
Benin,2007,28.3
Benin,2008,
Benin,2009,29.8
Benin,2010,
Benin,2011,31.4
Benin,2012,
Benin,2013,
Benin,2014,
Benin,2015,
Bhutan,1985,
Bhutan,1986,
Bhutan,1987,
Bhutan,1988,
Bhutan,1989,
Bhutan,1990,
Bhutan,1991,
Bhutan,1992,
Bhutan,1993,
Bhutan,1994,
Bhutan,1995,
Bhutan,1996,
Bhutan,1997,
Bhutan,1998,
Bhutan,1999,
Bhutan,2000,
Bhutan,2001,
Bhutan,2002,
Bhutan,2003,
Bhutan,2004,
Bhutan,2005,
Bhutan,2006,
Bhutan,2007,1.7
Bhutan,2008,
Bhutan,2009,
Bhutan,2010,
Bhutan,2011,
Bhutan,2012,1.8
Bhutan,2013,
Bhutan,2014,
Bhutan,2015,
Bolivia,1985,
Bolivia,1986,
Bolivia,1987,
Bolivia,1988,
Bolivia,1989,
Bolivia,1990,
Bolivia,1991,
Bolivia,1992,
Bolivia,1993,
Bolivia,1994,
Bolivia,1995,
Bolivia,1996,
Bolivia,1997,
Bolivia,1998,
Bolivia,1999,
Bolivia,2000,54.5
Bolivia,2001,54.3
Bolivia,2002,53.9
Bolivia,2003,
Bolivia,2004,54.4
Bolivia,2005,51.1
Bolivia,2006,50.3
Bolivia,2007,50.9
Bolivia,2008,48.7
Bolivia,2009,43.5
Bolivia,2010,
Bolivia,2011,36.8
Bolivia,2012,34.7
Bolivia,2013,29.0
Bolivia,2014,30.6
Bolivia,2015,
Botswana,1985,30.0
Botswana,1986,
Botswana,1987,
Botswana,1988,
Botswana,1989,
Botswana,1990,
Botswana,1991,
Botswana,1992,
Botswana,1993,24.7
Botswana,1994,
Botswana,1995,
Botswana,1996,
Botswana,1997,
Botswana,1998,
Botswana,1999,
Botswana,2000,
Botswana,2001,
Botswana,2002,19.4
Botswana,2003,
Botswana,2004,
Botswana,2005,
Botswana,2006,
Botswana,2007,
Botswana,2008,
Botswana,2009,11.0
Botswana,2010,
Botswana,2011,
Botswana,2012,
Botswana,2013,
Botswana,2014,
Botswana,2015,
Burkina Faso,1985,
Burkina Faso,1986,
Burkina Faso,1987,
Burkina Faso,1988,
Burkina Faso,1989,
Burkina Faso,1990,
Burkina Faso,1991,
Burkina Faso,1992,
Burkina Faso,1993,
Burkina Faso,1994,
Burkina Faso,1995,
Burkina Faso,1996,
Burkina Faso,1997,
Burkina Faso,1998,
Burkina Faso,1999,
Burkina Faso,2000,
Burkina Faso,2001,
Burkina Faso,2002,
Burkina Faso,2003,22.2
Burkina Faso,2004,
Burkina Faso,2005,
Burkina Faso,2006,
Burkina Faso,2007,
Burkina Faso,2008,
Burkina Faso,2009,25.2
Burkina Faso,2010,
Burkina Faso,2011,
Burkina Faso,2012,
Burkina Faso,2013,
Burkina Faso,2014,13.7
Burkina Faso,2015,
Burundi,1985,
Burundi,1986,
Burundi,1987,
Burundi,1988,
Burundi,1989,
Burundi,1990,
Burundi,1991,
Burundi,1992,
Burundi,1993,
Burundi,1994,
Burundi,1995,
Burundi,1996,
Burundi,1997,
Burundi,1998,
Burundi,1999,
Burundi,2000,
Burundi,2001,
Burundi,2002,
Burundi,2003,
Burundi,2004,
Burundi,2005,
Burundi,2006,
Burundi,2007,
Burundi,2008,
Burundi,2009,
Burundi,2010,
Burundi,2011,
Burundi,2012,
Burundi,2013,
Burundi,2014,27.6
Burundi,2015,
Cambodia,1985,
Cambodia,1986,
Cambodia,1987,
Cambodia,1988,
Cambodia,1989,
Cambodia,1990,
Cambodia,1991,
Cambodia,1992,
Cambodia,1993,
Cambodia,1994,
Cambodia,1995,
Cambodia,1996,
Cambodia,1997,
Cambodia,1998,
Cambodia,1999,
Cambodia,2000,
Cambodia,2001,
Cambodia,2002,
Cambodia,2003,28.5
Cambodia,2004,
Cambodia,2005,
Cambodia,2006,18.3
Cambodia,2007,
Cambodia,2008,15.1
Cambodia,2009,8.0
Cambodia,2010,8.5
Cambodia,2011,8.7
Cambodia,2012,6.4
Cambodia,2013,
Cambodia,2014,
Cambodia,2015,
Cameroon,1985,
Cameroon,1986,
Cameroon,1987,
Cameroon,1988,
Cameroon,1989,
Cameroon,1990,
Cameroon,1991,
Cameroon,1992,
Cameroon,1993,
Cameroon,1994,
Cameroon,1995,
Cameroon,1996,41.4
Cameroon,1997,
Cameroon,1998,
Cameroon,1999,
Cameroon,2000,
Cameroon,2001,17.9
Cameroon,2002,
Cameroon,2003,
Cameroon,2004,
Cameroon,2005,
Cameroon,2006,
Cameroon,2007,12.2
Cameroon,2008,
Cameroon,2009,
Cameroon,2010,
Cameroon,2011,
Cameroon,2012,
Cameroon,2013,
Cameroon,2014,8.9
Cameroon,2015,
Cape Verde,1985,
Cape Verde,1986,
Cape Verde,1987,
Cape Verde,1988,
Cape Verde,1989,
Cape Verde,1990,
Cape Verde,1991,
Cape Verde,1992,
Cape Verde,1993,
Cape Verde,1994,
Cape Verde,1995,
Cape Verde,1996,
Cape Verde,1997,
Cape Verde,1998,
Cape Verde,1999,
Cape Verde,2000,
Cape Verde,2001,
Cape Verde,2002,
Cape Verde,2003,
Cape Verde,2004,
Cape Verde,2005,
Cape Verde,2006,
Cape Verde,2007,13.2
Cape Verde,2008,
Cape Verde,2009,
Cape Verde,2010,
Cape Verde,2011,
Cape Verde,2012,
Cape Verde,2013,
Cape Verde,2014,
Cape Verde,2015,
Central African Republic,1985,
Central African Republic,1986,
Central African Republic,1987,
Central African Republic,1988,
Central African Republic,1989,
Central African Republic,1990,
Central African Republic,1991,
Central African Republic,1992,
Central African Republic,1993,
Central African Republic,1994,
Central African Republic,1995,
Central African Republic,1996,
Central African Republic,1997,
Central African Republic,1998,
Central African Republic,1999,
Central African Republic,2000,
Central African Republic,2001,
Central African Republic,2002,
Central African Republic,2003,
Central African Republic,2004,
Central African Republic,2005,
Central African Republic,2006,
Central African Republic,2007,
Central African Republic,2008,49.6
Central African Republic,2009,
Central African Republic,2010,
Central African Republic,2011,
Central African Republic,2012,
Central African Republic,2013,
Central African Republic,2014,
Central African Republic,2015,
Chad,1985,
Chad,1986,
Chad,1987,
Chad,1988,
Chad,1989,
Chad,1990,
Chad,1991,
Chad,1992,
Chad,1993,
Chad,1994,
Chad,1995,
Chad,1996,
Chad,1997,
Chad,1998,
Chad,1999,
Chad,2000,
Chad,2001,
Chad,2002,24.4
Chad,2003,
Chad,2004,
Chad,2005,
Chad,2006,
Chad,2007,
Chad,2008,
Chad,2009,
Chad,2010,
Chad,2011,20.9
Chad,2012,
Chad,2013,
Chad,2014,
Chad,2015,
Chile,1985,
Chile,1986,
Chile,1987,43.6
Chile,1988,
Chile,1989,
Chile,1990,38.5
Chile,1991,
Chile,1992,32.7
Chile,1993,
Chile,1994,27.0
Chile,1995,
Chile,1996,22.0
Chile,1997,
Chile,1998,20.7
Chile,1999,
Chile,2000,19.7
Chile,2001,
Chile,2002,
Chile,2003,18.5
Chile,2004,
Chile,2005,
Chile,2006,25.8
Chile,2007,
Chile,2008,
Chile,2009,22.6
Chile,2010,
Chile,2011,19.9
Chile,2012,
Chile,2013,12.4
Chile,2014,
Chile,2015,
Colombia,1985,
Colombia,1986,
Colombia,1987,
Colombia,1988,
Colombia,1989,
Colombia,1990,
Colombia,1991,
Colombia,1992,
Colombia,1993,
Colombia,1994,
Colombia,1995,
Colombia,1996,
Colombia,1997,
Colombia,1998,
Colombia,1999,
Colombia,2000,
Colombia,2001,
Colombia,2002,45.5
Colombia,2003,44.9
Colombia,2004,43.7
Colombia,2005,41.1
Colombia,2006,
Colombia,2007,
Colombia,2008,37.4
Colombia,2009,36.0
Colombia,2010,33.3
Colombia,2011,30.3
Colombia,2012,28.4
Colombia,2013,26.9
Colombia,2014,24.6
Colombia,2015,24.1
Comoros,1985,
Comoros,1986,
Comoros,1987,
Comoros,1988,
Comoros,1989,
Comoros,1990,
Comoros,1991,
Comoros,1992,
Comoros,1993,
Comoros,1994,
Comoros,1995,
Comoros,1996,
Comoros,1997,
Comoros,1998,
Comoros,1999,
Comoros,2000,
Comoros,2001,
Comoros,2002,
Comoros,2003,
Comoros,2004,34.5
Comoros,2005,
Comoros,2006,
Comoros,2007,
Comoros,2008,
Comoros,2009,
Comoros,2010,
Comoros,2011,
Comoros,2012,
Comoros,2013,
Comoros,2014,
Comoros,2015,
"Congo, Rep.",1985,
"Congo, Rep.",1986,
"Congo, Rep.",1987,
"Congo, Rep.",1988,
"Congo, Rep.",1989,
"Congo, Rep.",1990,
"Congo, Rep.",1991,
"Congo, Rep.",1992,
"Congo, Rep.",1993,
"Congo, Rep.",1994,
"Congo, Rep.",1995,
"Congo, Rep.",1996,
"Congo, Rep.",1997,
"Congo, Rep.",1998,
"Congo, Rep.",1999,
"Congo, Rep.",2000,
"Congo, Rep.",2001,
"Congo, Rep.",2002,
"Congo, Rep.",2003,
"Congo, Rep.",2004,43.3
"Congo, Rep.",2005,
"Congo, Rep.",2006,
"Congo, Rep.",2007,
"Congo, Rep.",2008,
"Congo, Rep.",2009,
"Congo, Rep.",2010,
"Congo, Rep.",2011,
"Congo, Rep.",2012,
"Congo, Rep.",2013,
"Congo, Rep.",2014,
"Congo, Rep.",2015,
Costa Rica,1985,
Costa Rica,1986,
Costa Rica,1987,
Costa Rica,1988,
Costa Rica,1989,
Costa Rica,1990,
Costa Rica,1991,
Costa Rica,1992,
Costa Rica,1993,
Costa Rica,1994,
Costa Rica,1995,
Costa Rica,1996,
Costa Rica,1997,
Costa Rica,1998,
Costa Rica,1999,
Costa Rica,2000,
Costa Rica,2001,
Costa Rica,2002,
Costa Rica,2003,
Costa Rica,2004,
Costa Rica,2005,
Costa Rica,2006,
Costa Rica,2007,
Costa Rica,2008,
Costa Rica,2009,
Costa Rica,2010,19.0
Costa Rica,2011,19.7
Costa Rica,2012,18.2
Costa Rica,2013,18.2
Costa Rica,2014,19.5
Costa Rica,2015,19.4
Cote d'Ivoire,1985,
Cote d'Ivoire,1986,
Cote d'Ivoire,1987,
Cote d'Ivoire,1988,
Cote d'Ivoire,1989,
Cote d'Ivoire,1990,
Cote d'Ivoire,1991,
Cote d'Ivoire,1992,
Cote d'Ivoire,1993,
Cote d'Ivoire,1994,
Cote d'Ivoire,1995,
Cote d'Ivoire,1996,
Cote d'Ivoire,1997,
Cote d'Ivoire,1998,
Cote d'Ivoire,1999,
Cote d'Ivoire,2000,
Cote d'Ivoire,2001,
Cote d'Ivoire,2002,24.5
Cote d'Ivoire,2003,
Cote d'Ivoire,2004,
Cote d'Ivoire,2005,
Cote d'Ivoire,2006,
Cote d'Ivoire,2007,
Cote d'Ivoire,2008,29.4
Cote d'Ivoire,2009,
Cote d'Ivoire,2010,
Cote d'Ivoire,2011,
Cote d'Ivoire,2012,
Cote d'Ivoire,2013,
Cote d'Ivoire,2014,
Cote d'Ivoire,2015,35.9
Dominican Republic,1985,
Dominican Republic,1986,
Dominican Republic,1987,
Dominican Republic,1988,
Dominican Republic,1989,
Dominican Republic,1990,
Dominican Republic,1991,
Dominican Republic,1992,
Dominican Republic,1993,
Dominican Republic,1994,
Dominican Republic,1995,
Dominican Republic,1996,
Dominican Republic,1997,
Dominican Republic,1998,
Dominican Republic,1999,
Dominican Republic,2000,23.7
Dominican Republic,2001,24.8
Dominican Republic,2002,24.9
Dominican Republic,2003,33.9
Dominican Republic,2004,44.4
Dominican Republic,2005,42.8
Dominican Republic,2006,38.8
Dominican Republic,2007,39.1
Dominican Republic,2008,38.8
Dominican Republic,2009,37.9
Dominican Republic,2010,37.3
Dominican Republic,2011,36.5
Dominican Republic,2012,36.8
Dominican Republic,2013,36.3
Dominican Republic,2014,
Dominican Republic,2015,
Ecuador,1985,
Ecuador,1986,
Ecuador,1987,
Ecuador,1988,
Ecuador,1989,
Ecuador,1990,
Ecuador,1991,
Ecuador,1992,
Ecuador,1993,
Ecuador,1994,
Ecuador,1995,
Ecuador,1996,
Ecuador,1997,
Ecuador,1998,
Ecuador,1999,
Ecuador,2000,54.6
Ecuador,2001,45.3
Ecuador,2002,
Ecuador,2003,38.8
Ecuador,2004,32.5
Ecuador,2005,31.0
Ecuador,2006,25.9
Ecuador,2007,24.3
Ecuador,2008,22.6
Ecuador,2009,25.0
Ecuador,2010,22.5
Ecuador,2011,17.4
Ecuador,2012,16.1
Ecuador,2013,17.6
Ecuador,2014,16.4
Ecuador,2015,
Egypt,1985,
Egypt,1986,
Egypt,1987,
Egypt,1988,
Egypt,1989,
Egypt,1990,
Egypt,1991,
Egypt,1992,
Egypt,1993,
Egypt,1994,
Egypt,1995,
Egypt,1996,
Egypt,1997,
Egypt,1998,
Egypt,1999,
Egypt,2000,9.3
Egypt,2001,
Egypt,2002,
Egypt,2003,
Egypt,2004,10.1
Egypt,2005,
Egypt,2006,
Egypt,2007,
Egypt,2008,11.0
Egypt,2009,
Egypt,2010,15.3
Egypt,2011,
Egypt,2012,
Egypt,2013,
Egypt,2014,
Egypt,2015,
El Salvador,1985,
El Salvador,1986,
El Salvador,1987,
El Salvador,1988,
El Salvador,1989,
El Salvador,1990,
El Salvador,1991,
El Salvador,1992,
El Salvador,1993,
El Salvador,1994,
El Salvador,1995,
El Salvador,1996,
El Salvador,1997,
El Salvador,1998,
El Salvador,1999,
El Salvador,2000,
El Salvador,2001,
El Salvador,2002,
El Salvador,2003,
El Salvador,2004,
El Salvador,2005,30.9
El Salvador,2006,27.7
El Salvador,2007,29.8
El Salvador,2008,35.7
El Salvador,2009,33.3
El Salvador,2010,33.0
El Salvador,2011,35.4
El Salvador,2012,29.9
El Salvador,2013,26.2
El Salvador,2014,28.5
El Salvador,2015,
Equatorial Guinea,1985,
Equatorial Guinea,1986,
Equatorial Guinea,1987,
Equatorial Guinea,1988,
Equatorial Guinea,1989,
Equatorial Guinea,1990,
Equatorial Guinea,1991,
Equatorial Guinea,1992,
Equatorial Guinea,1993,
Equatorial Guinea,1994,
Equatorial Guinea,1995,
Equatorial Guinea,1996,
Equatorial Guinea,1997,
Equatorial Guinea,1998,
Equatorial Guinea,1999,
Equatorial Guinea,2000,
Equatorial Guinea,2001,
Equatorial Guinea,2002,
Equatorial Guinea,2003,
Equatorial Guinea,2004,
Equatorial Guinea,2005,
Equatorial Guinea,2006,31.5
Equatorial Guinea,2007,
Equatorial Guinea,2008,
Equatorial Guinea,2009,
Equatorial Guinea,2010,
Equatorial Guinea,2011,
Equatorial Guinea,2012,
Equatorial Guinea,2013,
Equatorial Guinea,2014,
Equatorial Guinea,2015,
Eritrea,1985,
Eritrea,1986,
Eritrea,1987,
Eritrea,1988,
Eritrea,1989,
Eritrea,1990,
Eritrea,1991,
Eritrea,1992,
Eritrea,1993,62.0
Eritrea,1994,
Eritrea,1995,
Eritrea,1996,
Eritrea,1997,
Eritrea,1998,
Eritrea,1999,
Eritrea,2000,
Eritrea,2001,
Eritrea,2002,
Eritrea,2003,
Eritrea,2004,
Eritrea,2005,
Eritrea,2006,
Eritrea,2007,
Eritrea,2008,
Eritrea,2009,
Eritrea,2010,
Eritrea,2011,
Eritrea,2012,
Eritrea,2013,
Eritrea,2014,
Eritrea,2015,
Ethiopia,1985,
Ethiopia,1986,
Ethiopia,1987,
Ethiopia,1988,
Ethiopia,1989,
Ethiopia,1990,
Ethiopia,1991,
Ethiopia,1992,
Ethiopia,1993,
Ethiopia,1994,
Ethiopia,1995,33.2
Ethiopia,1996,
Ethiopia,1997,
Ethiopia,1998,
Ethiopia,1999,36.9
Ethiopia,2000,
Ethiopia,2001,
Ethiopia,2002,
Ethiopia,2003,
Ethiopia,2004,35.1
Ethiopia,2005,
Ethiopia,2006,
Ethiopia,2007,
Ethiopia,2008,
Ethiopia,2009,
Ethiopia,2010,25.7
Ethiopia,2011,
Ethiopia,2012,
Ethiopia,2013,
Ethiopia,2014,
Ethiopia,2015,
Fiji,1985,
Fiji,1986,
Fiji,1987,
Fiji,1988,
Fiji,1989,
Fiji,1990,
Fiji,1991,
Fiji,1992,
Fiji,1993,
Fiji,1994,
Fiji,1995,
Fiji,1996,
Fiji,1997,
Fiji,1998,
Fiji,1999,
Fiji,2000,
Fiji,2001,
Fiji,2002,34.5
Fiji,2003,
Fiji,2004,
Fiji,2005,
Fiji,2006,
Fiji,2007,
Fiji,2008,26.2
Fiji,2009,
Fiji,2010,
Fiji,2011,
Fiji,2012,
Fiji,2013,
Fiji,2014,
Fiji,2015,
Gabon,1985,
Gabon,1986,
Gabon,1987,
Gabon,1988,
Gabon,1989,
Gabon,1990,
Gabon,1991,
Gabon,1992,
Gabon,1993,
Gabon,1994,
Gabon,1995,
Gabon,1996,
Gabon,1997,
Gabon,1998,
Gabon,1999,
Gabon,2000,
Gabon,2001,
Gabon,2002,
Gabon,2003,
Gabon,2004,
Gabon,2005,29.8
Gabon,2006,
Gabon,2007,
Gabon,2008,
Gabon,2009,
Gabon,2010,
Gabon,2011,
Gabon,2012,
Gabon,2013,
Gabon,2014,
Gabon,2015,
Gambia,1985,
Gambia,1986,
Gambia,1987,
Gambia,1988,
Gambia,1989,
Gambia,1990,
Gambia,1991,
Gambia,1992,
Gambia,1993,
Gambia,1994,
Gambia,1995,
Gambia,1996,
Gambia,1997,
Gambia,1998,
Gambia,1999,
Gambia,2000,
Gambia,2001,
Gambia,2002,
Gambia,2003,
Gambia,2004,
Gambia,2005,
Gambia,2006,
Gambia,2007,
Gambia,2008,
Gambia,2009,
Gambia,2010,32.7
Gambia,2011,
Gambia,2012,
Gambia,2013,
Gambia,2014,
Gambia,2015,
Ghana,1985,
Ghana,1986,
Ghana,1987,
Ghana,1988,
Ghana,1989,
Ghana,1990,
Ghana,1991,
Ghana,1992,
Ghana,1993,
Ghana,1994,
Ghana,1995,
Ghana,1996,
Ghana,1997,
Ghana,1998,
Ghana,1999,
Ghana,2000,
Ghana,2001,
Ghana,2002,
Ghana,2003,
Ghana,2004,
Ghana,2005,12.4
Ghana,2006,
Ghana,2007,
Ghana,2008,
Ghana,2009,
Ghana,2010,
Ghana,2011,
Ghana,2012,10.6
Ghana,2013,
Ghana,2014,
Ghana,2015,
Guatemala,1985,
Guatemala,1986,
Guatemala,1987,
Guatemala,1988,
Guatemala,1989,
Guatemala,1990,
Guatemala,1991,
Guatemala,1992,
Guatemala,1993,
Guatemala,1994,
Guatemala,1995,
Guatemala,1996,
Guatemala,1997,
Guatemala,1998,
Guatemala,1999,
Guatemala,2000,27.1
Guatemala,2001,
Guatemala,2002,
Guatemala,2003,
Guatemala,2004,
Guatemala,2005,
Guatemala,2006,30.0
Guatemala,2007,
Guatemala,2008,
Guatemala,2009,
Guatemala,2010,
Guatemala,2011,
Guatemala,2012,
Guatemala,2013,
Guatemala,2014,42.2
Guatemala,2015,
Guinea,1985,
Guinea,1986,
Guinea,1987,
Guinea,1988,
Guinea,1989,
Guinea,1990,
Guinea,1991,
Guinea,1992,
Guinea,1993,
Guinea,1994,17.5
Guinea,1995,
Guinea,1996,
Guinea,1997,
Guinea,1998,
Guinea,1999,
Guinea,2000,
Guinea,2001,
Guinea,2002,23.5
Guinea,2003,
Guinea,2004,
Guinea,2005,
Guinea,2006,
Guinea,2007,30.5
Guinea,2008,
Guinea,2009,
Guinea,2010,
Guinea,2011,
Guinea,2012,35.4
Guinea,2013,
Guinea,2014,
Guinea,2015,
Guinea-Bissau,1985,
Guinea-Bissau,1986,
Guinea-Bissau,1987,
Guinea-Bissau,1988,
Guinea-Bissau,1989,
Guinea-Bissau,1990,
Guinea-Bissau,1991,
Guinea-Bissau,1992,
Guinea-Bissau,1993,
Guinea-Bissau,1994,
Guinea-Bissau,1995,
Guinea-Bissau,1996,
Guinea-Bissau,1997,
Guinea-Bissau,1998,
Guinea-Bissau,1999,
Guinea-Bissau,2000,
Guinea-Bissau,2001,
Guinea-Bissau,2002,51.6
Guinea-Bissau,2003,
Guinea-Bissau,2004,
Guinea-Bissau,2005,
Guinea-Bissau,2006,
Guinea-Bissau,2007,
Guinea-Bissau,2008,
Guinea-Bissau,2009,
Guinea-Bissau,2010,51.0
Guinea-Bissau,2011,
Guinea-Bissau,2012,
Guinea-Bissau,2013,
Guinea-Bissau,2014,
Guinea-Bissau,2015,
Haiti,1985,
Haiti,1986,
Haiti,1987,
Haiti,1988,
Haiti,1989,
Haiti,1990,
Haiti,1991,
Haiti,1992,
Haiti,1993,
Haiti,1994,
Haiti,1995,
Haiti,1996,
Haiti,1997,
Haiti,1998,
Haiti,1999,
Haiti,2000,
Haiti,2001,
Haiti,2002,
Haiti,2003,
Haiti,2004,
Haiti,2005,
Haiti,2006,
Haiti,2007,
Haiti,2008,
Haiti,2009,
Haiti,2010,
Haiti,2011,
Haiti,2012,40.6
Haiti,2013,
Haiti,2014,
Haiti,2015,
Honduras,1985,
Honduras,1986,
Honduras,1987,
Honduras,1988,
Honduras,1989,
Honduras,1990,
Honduras,1991,
Honduras,1992,
Honduras,1993,
Honduras,1994,
Honduras,1995,
Honduras,1996,
Honduras,1997,
Honduras,1998,
Honduras,1999,
Honduras,2000,
Honduras,2001,55.9
Honduras,2002,58.0
Honduras,2003,57.5
Honduras,2004,57.1
Honduras,2005,57.7
Honduras,2006,52.9
Honduras,2007,51.0
Honduras,2008,55.2
Honduras,2009,52.8
Honduras,2010,54.3
Honduras,2011,58.5
Honduras,2012,63.6
Honduras,2013,60.4
Honduras,2014,61.0
Honduras,2015,
India,1985,
India,1986,
India,1987,
India,1988,
India,1989,
India,1990,
India,1991,
India,1992,
India,1993,31.8
India,1994,
India,1995,
India,1996,
India,1997,
India,1998,
India,1999,
India,2000,
India,2001,
India,2002,
India,2003,
India,2004,25.7
India,2005,
India,2006,
India,2007,
India,2008,
India,2009,20.9
India,2010,
India,2011,13.7
India,2012,
India,2013,
India,2014,
India,2015,
Indonesia,1985,
Indonesia,1986,
Indonesia,1987,
Indonesia,1988,
Indonesia,1989,
Indonesia,1990,
Indonesia,1991,
Indonesia,1992,
Indonesia,1993,
Indonesia,1994,
Indonesia,1995,
Indonesia,1996,13.4
Indonesia,1997,
Indonesia,1998,
Indonesia,1999,19.4
Indonesia,2000,
Indonesia,2001,
Indonesia,2002,14.5
Indonesia,2003,13.6
Indonesia,2004,12.1
Indonesia,2005,11.7
Indonesia,2006,13.5
Indonesia,2007,12.5
Indonesia,2008,11.7
Indonesia,2009,10.7
Indonesia,2010,9.9
Indonesia,2011,9.2
Indonesia,2012,8.8
Indonesia,2013,8.4
Indonesia,2014,8.3
Indonesia,2015,
Iraq,1985,
Iraq,1986,
Iraq,1987,
Iraq,1988,
Iraq,1989,
Iraq,1990,
Iraq,1991,
Iraq,1992,
Iraq,1993,
Iraq,1994,
Iraq,1995,
Iraq,1996,
Iraq,1997,
Iraq,1998,
Iraq,1999,
Iraq,2000,
Iraq,2001,
Iraq,2002,
Iraq,2003,
Iraq,2004,
Iraq,2005,
Iraq,2006,15.7
Iraq,2007,
Iraq,2008,
Iraq,2009,
Iraq,2010,
Iraq,2011,
Iraq,2012,14.8
Iraq,2013,
Iraq,2014,
Iraq,2015,
Jamaica,1985,
Jamaica,1986,
Jamaica,1987,
Jamaica,1988,
Jamaica,1989,
Jamaica,1990,
Jamaica,1991,16.1
Jamaica,1992,22.8
Jamaica,1993,
Jamaica,1994,
Jamaica,1995,
Jamaica,1996,
Jamaica,1997,
Jamaica,1998,5.5
Jamaica,1999,11.1
Jamaica,2000,12.6
Jamaica,2001,9.9
Jamaica,2002,10.6
Jamaica,2003,
Jamaica,2004,
Jamaica,2005,
Jamaica,2006,
Jamaica,2007,
Jamaica,2008,
Jamaica,2009,
Jamaica,2010,
Jamaica,2011,
Jamaica,2012,
Jamaica,2013,
Jamaica,2014,
Jamaica,2015,
Jordan,1985,
Jordan,1986,
Jordan,1987,
Jordan,1988,
Jordan,1989,
Jordan,1990,
Jordan,1991,
Jordan,1992,
Jordan,1993,
Jordan,1994,
Jordan,1995,
Jordan,1996,
Jordan,1997,
Jordan,1998,
Jordan,1999,
Jordan,2000,
Jordan,2001,
Jordan,2002,
Jordan,2003,
Jordan,2004,
Jordan,2005,
Jordan,2006,
Jordan,2007,
Jordan,2008,
Jordan,2009,
Jordan,2010,13.9
Jordan,2011,
Jordan,2012,
Jordan,2013,
Jordan,2014,
Jordan,2015,
Kazakhstan,1985,
Kazakhstan,1986,
Kazakhstan,1987,
Kazakhstan,1988,
Kazakhstan,1989,
Kazakhstan,1990,
Kazakhstan,1991,
Kazakhstan,1992,
Kazakhstan,1993,
Kazakhstan,1994,
Kazakhstan,1995,
Kazakhstan,1996,
Kazakhstan,1997,
Kazakhstan,1998,
Kazakhstan,1999,
Kazakhstan,2000,
Kazakhstan,2001,36.0
Kazakhstan,2002,33.0
Kazakhstan,2003,24.7
Kazakhstan,2004,23.4
Kazakhstan,2005,20.2
Kazakhstan,2006,13.6
Kazakhstan,2007,6.9
Kazakhstan,2008,8.1
Kazakhstan,2009,4.1
Kazakhstan,2010,3.7
Kazakhstan,2011,2.4
Kazakhstan,2012,1.9
Kazakhstan,2013,1.3
Kazakhstan,2014,1.3
Kazakhstan,2015,1.3
Kenya,1985,
Kenya,1986,
Kenya,1987,
Kenya,1988,
Kenya,1989,
Kenya,1990,
Kenya,1991,
Kenya,1992,
Kenya,1993,
Kenya,1994,
Kenya,1995,
Kenya,1996,
Kenya,1997,
Kenya,1998,
Kenya,1999,
Kenya,2000,
Kenya,2001,
Kenya,2002,
Kenya,2003,
Kenya,2004,
Kenya,2005,33.7
Kenya,2006,
Kenya,2007,
Kenya,2008,
Kenya,2009,
Kenya,2010,
Kenya,2011,
Kenya,2012,
Kenya,2013,
Kenya,2014,
Kenya,2015,
Kyrgyz Republic,1985,
Kyrgyz Republic,1986,
Kyrgyz Republic,1987,
Kyrgyz Republic,1988,
Kyrgyz Republic,1989,
Kyrgyz Republic,1990,
Kyrgyz Republic,1991,
Kyrgyz Republic,1992,
Kyrgyz Republic,1993,
Kyrgyz Republic,1994,
Kyrgyz Republic,1995,
Kyrgyz Republic,1996,
Kyrgyz Republic,1997,
Kyrgyz Republic,1998,
Kyrgyz Republic,1999,
Kyrgyz Republic,2000,
Kyrgyz Republic,2001,
Kyrgyz Republic,2002,
Kyrgyz Republic,2003,
Kyrgyz Republic,2004,
Kyrgyz Republic,2005,
Kyrgyz Republic,2006,26.7
Kyrgyz Republic,2007,23.2
Kyrgyz Republic,2008,22.6
Kyrgyz Republic,2009,21.9
Kyrgyz Republic,2010,23.6
Kyrgyz Republic,2011,30.7
Kyrgyz Republic,2012,35.4
Kyrgyz Republic,2013,28.5
Kyrgyz Republic,2014,26.9
Kyrgyz Republic,2015,29.3
Lao,1985,
Lao,1986,
Lao,1987,
Lao,1988,
Lao,1989,
Lao,1990,
Lao,1991,
Lao,1992,
Lao,1993,
Lao,1994,
Lao,1995,
Lao,1996,
Lao,1997,22.1
Lao,1998,
Lao,1999,
Lao,2000,
Lao,2001,
Lao,2002,19.7
Lao,2003,
Lao,2004,
Lao,2005,
Lao,2006,
Lao,2007,17.4
Lao,2008,
Lao,2009,
Lao,2010,
Lao,2011,
Lao,2012,10.0
Lao,2013,
Lao,2014,
Lao,2015,
Lesotho,1985,
Lesotho,1986,
Lesotho,1987,
Lesotho,1988,
Lesotho,1989,
Lesotho,1990,
Lesotho,1991,
Lesotho,1992,
Lesotho,1993,
Lesotho,1994,36.7
Lesotho,1995,
Lesotho,1996,
Lesotho,1997,
Lesotho,1998,
Lesotho,1999,
Lesotho,2000,
Lesotho,2001,
Lesotho,2002,41.5
Lesotho,2003,
Lesotho,2004,
Lesotho,2005,
Lesotho,2006,
Lesotho,2007,
Lesotho,2008,
Lesotho,2009,
Lesotho,2010,39.6
Lesotho,2011,
Lesotho,2012,
Lesotho,2013,
Lesotho,2014,
Lesotho,2015,
Liberia,1985,
Liberia,1986,
Liberia,1987,
Liberia,1988,
Liberia,1989,
Liberia,1990,
Liberia,1991,
Liberia,1992,
Liberia,1993,
Liberia,1994,
Liberia,1995,
Liberia,1996,
Liberia,1997,
Liberia,1998,
Liberia,1999,
Liberia,2000,
Liberia,2001,
Liberia,2002,
Liberia,2003,
Liberia,2004,
Liberia,2005,
Liberia,2006,
Liberia,2007,55.1
Liberia,2008,
Liberia,2009,
Liberia,2010,
Liberia,2011,
Liberia,2012,
Liberia,2013,
Liberia,2014,
Liberia,2015,
Madagascar,1985,
Madagascar,1986,
Madagascar,1987,
Madagascar,1988,
Madagascar,1989,
Madagascar,1990,
Madagascar,1991,
Madagascar,1992,
Madagascar,1993,
Madagascar,1994,
Madagascar,1995,
Madagascar,1996,
Madagascar,1997,
Madagascar,1998,
Madagascar,1999,
Madagascar,2000,
Madagascar,2001,45.6
Madagascar,2002,
Madagascar,2003,
Madagascar,2004,
Madagascar,2005,
Madagascar,2006,
Madagascar,2007,
Madagascar,2008,
Madagascar,2009,
Madagascar,2010,
Madagascar,2011,
Madagascar,2012,
Madagascar,2013,
Madagascar,2014,
Madagascar,2015,
Malawi,1985,
Malawi,1986,
Malawi,1987,
Malawi,1988,
Malawi,1989,
Malawi,1990,
Malawi,1991,
Malawi,1992,
Malawi,1993,
Malawi,1994,
Malawi,1995,
Malawi,1996,
Malawi,1997,54.9
Malawi,1998,
Malawi,1999,
Malawi,2000,
Malawi,2001,
Malawi,2002,
Malawi,2003,
Malawi,2004,25.4
Malawi,2005,
Malawi,2006,
Malawi,2007,
Malawi,2008,
Malawi,2009,
Malawi,2010,17.3
Malawi,2011,
Malawi,2012,
Malawi,2013,
Malawi,2014,
Malawi,2015,
Malaysia,1985,
Malaysia,1986,
Malaysia,1987,
Malaysia,1988,
Malaysia,1989,
Malaysia,1990,
Malaysia,1991,
Malaysia,1992,
Malaysia,1993,
Malaysia,1994,
Malaysia,1995,
Malaysia,1996,
Malaysia,1997,
Malaysia,1998,
Malaysia,1999,
Malaysia,2000,
Malaysia,2001,
Malaysia,2002,2.3
Malaysia,2003,
Malaysia,2004,2.5
Malaysia,2005,
Malaysia,2006,
Malaysia,2007,2.0
Malaysia,2008,
Malaysia,2009,1.7
Malaysia,2010,
Malaysia,2011,
Malaysia,2012,1.0
Malaysia,2013,
Malaysia,2014,0.3
Malaysia,2015,
Maldives,1985,
Maldives,1986,
Maldives,1987,
Maldives,1988,
Maldives,1989,
Maldives,1990,
Maldives,1991,
Maldives,1992,
Maldives,1993,
Maldives,1994,
Maldives,1995,
Maldives,1996,
Maldives,1997,
Maldives,1998,
Maldives,1999,
Maldives,2000,
Maldives,2001,
Maldives,2002,17.5
Maldives,2003,
Maldives,2004,
Maldives,2005,
Maldives,2006,
Maldives,2007,
Maldives,2008,
Maldives,2009,18.2
Maldives,2010,
Maldives,2011,
Maldives,2012,
Maldives,2013,
Maldives,2014,
Maldives,2015,
Mauritania,1985,
Mauritania,1986,
Mauritania,1987,
Mauritania,1988,
Mauritania,1989,
Mauritania,1990,
Mauritania,1991,
Mauritania,1992,
Mauritania,1993,
Mauritania,1994,
Mauritania,1995,
Mauritania,1996,
Mauritania,1997,
Mauritania,1998,
Mauritania,1999,
Mauritania,2000,28.5
Mauritania,2001,
Mauritania,2002,
Mauritania,2003,
Mauritania,2004,28.9
Mauritania,2005,
Mauritania,2006,
Mauritania,2007,
Mauritania,2008,20.8
Mauritania,2009,
Mauritania,2010,
Mauritania,2011,
Mauritania,2012,
Mauritania,2013,
Mauritania,2014,
Mauritania,2015,
Mexico,1985,
Mexico,1986,
Mexico,1987,
Mexico,1988,
Mexico,1989,
Mexico,1990,
Mexico,1991,
Mexico,1992,
Mexico,1993,
Mexico,1994,
Mexico,1995,
Mexico,1996,
Mexico,1997,
Mexico,1998,
Mexico,1999,
Mexico,2000,
Mexico,2001,
Mexico,2002,
Mexico,2003,
Mexico,2004,
Mexico,2005,
Mexico,2006,
Mexico,2007,
Mexico,2008,44.8
Mexico,2009,
Mexico,2010,47.8
Mexico,2011,
Mexico,2012,48.3
Mexico,2013,
Mexico,2014,50.5
Mexico,2015,
Moldova,1985,
Moldova,1986,
Moldova,1987,
Moldova,1988,
Moldova,1989,
Moldova,1990,
Moldova,1991,
Moldova,1992,
Moldova,1993,
Moldova,1994,
Moldova,1995,
Moldova,1996,
Moldova,1997,
Moldova,1998,
Moldova,1999,
Moldova,2000,
Moldova,2001,
Moldova,2002,
Moldova,2003,
Moldova,2004,
Moldova,2005,
Moldova,2006,24.8
Moldova,2007,18.4
Moldova,2008,15.2
Moldova,2009,12.6
Moldova,2010,10.4
Moldova,2011,7.4
Moldova,2012,8.2
Moldova,2013,
Moldova,2014,
Moldova,2015,
Mongolia,1985,
Mongolia,1986,
Mongolia,1987,
Mongolia,1988,
Mongolia,1989,
Mongolia,1990,
Mongolia,1991,
Mongolia,1992,
Mongolia,1993,
Mongolia,1994,
Mongolia,1995,
Mongolia,1996,
Mongolia,1997,
Mongolia,1998,
Mongolia,1999,
Mongolia,2000,
Mongolia,2001,
Mongolia,2002,
Mongolia,2003,
Mongolia,2004,
Mongolia,2005,
Mongolia,2006,
Mongolia,2007,
Mongolia,2008,
Mongolia,2009,
Mongolia,2010,33.2
Mongolia,2011,28.7
Mongolia,2012,23.3
Mongolia,2013,
Mongolia,2014,18.8
Mongolia,2015,
Montenegro,1985,
Montenegro,1986,
Montenegro,1987,
Montenegro,1988,
Montenegro,1989,
Montenegro,1990,
Montenegro,1991,
Montenegro,1992,
Montenegro,1993,
Montenegro,1994,
Montenegro,1995,
Montenegro,1996,
Montenegro,1997,
Montenegro,1998,
Montenegro,1999,
Montenegro,2000,
Montenegro,2001,
Montenegro,2002,
Montenegro,2003,
Montenegro,2004,
Montenegro,2005,8.1
Montenegro,2006,7.4
Montenegro,2007,5.5
Montenegro,2008,2.4
Montenegro,2009,2.6
Montenegro,2010,4.0
Montenegro,2011,4.4
Montenegro,2012,8.1
Montenegro,2013,7.9
Montenegro,2014,
Montenegro,2015,
Morocco,1985,
Morocco,1986,
Morocco,1987,
Morocco,1988,
Morocco,1989,
Morocco,1990,
Morocco,1991,
Morocco,1992,
Morocco,1993,
Morocco,1994,
Morocco,1995,
Morocco,1996,
Morocco,1997,
Morocco,1998,9.5
Morocco,1999,
Morocco,2000,7.6
Morocco,2001,
Morocco,2002,
Morocco,2003,
Morocco,2004,
Morocco,2005,
Morocco,2006,
Morocco,2007,4.8
Morocco,2008,
Morocco,2009,
Morocco,2010,
Morocco,2011,
Morocco,2012,
Morocco,2013,
Morocco,2014,
Morocco,2015,
Mozambique,1985,
Mozambique,1986,
Mozambique,1987,
Mozambique,1988,
Mozambique,1989,
Mozambique,1990,
Mozambique,1991,
Mozambique,1992,
Mozambique,1993,
Mozambique,1994,
Mozambique,1995,
Mozambique,1996,62.0
Mozambique,1997,
Mozambique,1998,
Mozambique,1999,
Mozambique,2000,
Mozambique,2001,
Mozambique,2002,51.5
Mozambique,2003,
Mozambique,2004,
Mozambique,2005,
Mozambique,2006,
Mozambique,2007,
Mozambique,2008,49.6
Mozambique,2009,
Mozambique,2010,
Mozambique,2011,
Mozambique,2012,
Mozambique,2013,
Mozambique,2014,
Mozambique,2015,
Namibia,1985,
Namibia,1986,
Namibia,1987,
Namibia,1988,
Namibia,1989,
Namibia,1990,
Namibia,1991,
Namibia,1992,
Namibia,1993,39.0
Namibia,1994,
Namibia,1995,
Namibia,1996,
Namibia,1997,
Namibia,1998,
Namibia,1999,
Namibia,2000,
Namibia,2001,
Namibia,2002,
Namibia,2003,17.0
Namibia,2004,
Namibia,2005,
Namibia,2006,
Namibia,2007,
Namibia,2008,
Namibia,2009,14.6
Namibia,2010,
Namibia,2011,
Namibia,2012,
Namibia,2013,
Namibia,2014,
Namibia,2015,
Nepal,1985,
Nepal,1986,
Nepal,1987,
Nepal,1988,
Nepal,1989,
Nepal,1990,
Nepal,1991,
Nepal,1992,
Nepal,1993,
Nepal,1994,
Nepal,1995,
Nepal,1996,
Nepal,1997,
Nepal,1998,
Nepal,1999,
Nepal,2000,
Nepal,2001,
Nepal,2002,
Nepal,2003,
Nepal,2004,
Nepal,2005,
Nepal,2006,
Nepal,2007,
Nepal,2008,
Nepal,2009,
Nepal,2010,15.5
Nepal,2011,
Nepal,2012,
Nepal,2013,
Nepal,2014,
Nepal,2015,
Nicaragua,1985,
Nicaragua,1986,
Nicaragua,1987,
Nicaragua,1988,
Nicaragua,1989,
Nicaragua,1990,
Nicaragua,1991,
Nicaragua,1992,
Nicaragua,1993,
Nicaragua,1994,
Nicaragua,1995,
Nicaragua,1996,
Nicaragua,1997,
Nicaragua,1998,
Nicaragua,1999,
Nicaragua,2000,
Nicaragua,2001,
Nicaragua,2002,
Nicaragua,2003,
Nicaragua,2004,
Nicaragua,2005,30.9
Nicaragua,2006,
Nicaragua,2007,
Nicaragua,2008,
Nicaragua,2009,26.8
Nicaragua,2010,
Nicaragua,2011,
Nicaragua,2012,
Nicaragua,2013,
Nicaragua,2014,14.8
Nicaragua,2015,
Niger,1985,
Niger,1986,
Niger,1987,
Niger,1988,
Niger,1989,
Niger,1990,
Niger,1991,
Niger,1992,
Niger,1993,
Niger,1994,
Niger,1995,
Niger,1996,
Niger,1997,
Niger,1998,
Niger,1999,
Niger,2000,
Niger,2001,
Niger,2002,
Niger,2003,
Niger,2004,
Niger,2005,
Niger,2006,
Niger,2007,
Niger,2008,
Niger,2009,
Niger,2010,
Niger,2011,18.6
Niger,2012,
Niger,2013,
Niger,2014,
Niger,2015,
Nigeria,1985,
Nigeria,1986,
Nigeria,1987,
Nigeria,1988,
Nigeria,1989,
Nigeria,1990,
Nigeria,1991,
Nigeria,1992,
Nigeria,1993,
Nigeria,1994,
Nigeria,1995,
Nigeria,1996,
Nigeria,1997,
Nigeria,1998,
Nigeria,1999,
Nigeria,2000,
Nigeria,2001,
Nigeria,2002,
Nigeria,2003,37.9
Nigeria,2004,
Nigeria,2005,
Nigeria,2006,
Nigeria,2007,
Nigeria,2008,
Nigeria,2009,34.1
Nigeria,2010,
Nigeria,2011,
Nigeria,2012,
Nigeria,2013,
Nigeria,2014,
Nigeria,2015,
Pakistan,1985,
Pakistan,1986,
Pakistan,1987,
Pakistan,1988,
Pakistan,1989,
Pakistan,1990,
Pakistan,1991,
Pakistan,1992,
Pakistan,1993,
Pakistan,1994,
Pakistan,1995,
Pakistan,1996,
Pakistan,1997,
Pakistan,1998,
Pakistan,1999,
Pakistan,2000,
Pakistan,2001,
Pakistan,2002,
Pakistan,2003,
Pakistan,2004,
Pakistan,2005,
Pakistan,2006,
Pakistan,2007,
Pakistan,2008,
Pakistan,2009,
Pakistan,2010,
Pakistan,2011,
Pakistan,2012,
Pakistan,2013,18.2
Pakistan,2014,
Pakistan,2015,
Palestine,1985,
Palestine,1986,
Palestine,1987,
Palestine,1988,
Palestine,1989,
Palestine,1990,
Palestine,1991,
Palestine,1992,
Palestine,1993,
Palestine,1994,
Palestine,1995,
Palestine,1996,
Palestine,1997,
Palestine,1998,
Palestine,1999,
Palestine,2000,
Palestine,2001,
Palestine,2002,
Palestine,2003,
Palestine,2004,
Palestine,2005,
Palestine,2006,
Palestine,2007,
Palestine,2008,
Palestine,2009,
Palestine,2010,25.8
Palestine,2011,26.1
Palestine,2012,
Palestine,2013,
Palestine,2014,
Palestine,2015,
Papua New Guinea,1985,
Papua New Guinea,1986,
Papua New Guinea,1987,
Papua New Guinea,1988,
Papua New Guinea,1989,
Papua New Guinea,1990,
Papua New Guinea,1991,
Papua New Guinea,1992,
Papua New Guinea,1993,
Papua New Guinea,1994,
Papua New Guinea,1995,
Papua New Guinea,1996,
Papua New Guinea,1997,
Papua New Guinea,1998,
Papua New Guinea,1999,
Papua New Guinea,2000,
Papua New Guinea,2001,
Papua New Guinea,2002,
Papua New Guinea,2003,
Papua New Guinea,2004,
Papua New Guinea,2005,
Papua New Guinea,2006,
Papua New Guinea,2007,
Papua New Guinea,2008,
Papua New Guinea,2009,29.3
Papua New Guinea,2010,
Papua New Guinea,2011,
Papua New Guinea,2012,
Papua New Guinea,2013,
Papua New Guinea,2014,
Papua New Guinea,2015,
Peru,1985,
Peru,1986,
Peru,1987,
Peru,1988,
Peru,1989,
Peru,1990,
Peru,1991,
Peru,1992,
Peru,1993,
Peru,1994,
Peru,1995,
Peru,1996,
Peru,1997,
Peru,1998,
Peru,1999,
Peru,2000,
Peru,2001,
Peru,2002,
Peru,2003,
Peru,2004,48.2
Peru,2005,44.5
Peru,2006,37.0
Peru,2007,30.1
Peru,2008,25.4
Peru,2009,21.3
Peru,2010,20.0
Peru,2011,18.0
Peru,2012,16.6
Peru,2013,16.1
Peru,2014,15.3
Peru,2015,
Philippines,1985,
Philippines,1986,
Philippines,1987,
Philippines,1988,
Philippines,1989,
Philippines,1990,
Philippines,1991,
Philippines,1992,
Philippines,1993,
Philippines,1994,
Philippines,1995,
Philippines,1996,
Philippines,1997,
Philippines,1998,
Philippines,1999,
Philippines,2000,
Philippines,2001,
Philippines,2002,
Philippines,2003,
Philippines,2004,
Philippines,2005,
Philippines,2006,12.6
Philippines,2007,
Philippines,2008,
Philippines,2009,12.6
Philippines,2010,
Philippines,2011,
Philippines,2012,13.0
Philippines,2013,
Philippines,2014,
Philippines,2015,
Rwanda,1985,
Rwanda,1986,
Rwanda,1987,
Rwanda,1988,
Rwanda,1989,
Rwanda,1990,
Rwanda,1991,
Rwanda,1992,
Rwanda,1993,
Rwanda,1994,
Rwanda,1995,
Rwanda,1996,
Rwanda,1997,
Rwanda,1998,
Rwanda,1999,
Rwanda,2000,
Rwanda,2001,
Rwanda,2002,
Rwanda,2003,
Rwanda,2004,
Rwanda,2005,28.5
Rwanda,2006,
Rwanda,2007,
Rwanda,2008,
Rwanda,2009,
Rwanda,2010,22.1
Rwanda,2011,
Rwanda,2012,
Rwanda,2013,
Rwanda,2014,
Rwanda,2015,
Senegal,1985,
Senegal,1986,
Senegal,1987,
Senegal,1988,
Senegal,1989,
Senegal,1990,
Senegal,1991,
Senegal,1992,
Senegal,1993,
Senegal,1994,
Senegal,1995,
Senegal,1996,
Senegal,1997,
Senegal,1998,
Senegal,1999,
Senegal,2000,41.2
Senegal,2001,
Senegal,2002,
Senegal,2003,
Senegal,2004,
Senegal,2005,33.6
Senegal,2006,
Senegal,2007,
Senegal,2008,
Senegal,2009,
Senegal,2010,33.1
Senegal,2011,
Senegal,2012,
Senegal,2013,
Senegal,2014,
Senegal,2015,
Sierra Leone,1985,
Sierra Leone,1986,
Sierra Leone,1987,
Sierra Leone,1988,
Sierra Leone,1989,
Sierra Leone,1990,
Sierra Leone,1991,
Sierra Leone,1992,
Sierra Leone,1993,
Sierra Leone,1994,
Sierra Leone,1995,
Sierra Leone,1996,
Sierra Leone,1997,
Sierra Leone,1998,
Sierra Leone,1999,
Sierra Leone,2000,
Sierra Leone,2001,
Sierra Leone,2002,
Sierra Leone,2003,46.9
Sierra Leone,2004,
Sierra Leone,2005,
Sierra Leone,2006,
Sierra Leone,2007,
Sierra Leone,2008,
Sierra Leone,2009,
Sierra Leone,2010,
Sierra Leone,2011,31.2
Sierra Leone,2012,
Sierra Leone,2013,
Sierra Leone,2014,
Sierra Leone,2015,
South Africa,1985,
South Africa,1986,
South Africa,1987,
South Africa,1988,
South Africa,1989,
South Africa,1990,
South Africa,1991,
South Africa,1992,
South Africa,1993,
South Africa,1994,
South Africa,1995,
South Africa,1996,
South Africa,1997,
South Africa,1998,
South Africa,1999,
South Africa,2000,
South Africa,2001,
South Africa,2002,
South Africa,2003,
South Africa,2004,
South Africa,2005,52.0
South Africa,2006,
South Africa,2007,
South Africa,2008,
South Africa,2009,
South Africa,2010,
South Africa,2011,
South Africa,2012,
South Africa,2013,
South Africa,2014,
South Africa,2015,
South Sudan,1985,
South Sudan,1986,
South Sudan,1987,
South Sudan,1988,
South Sudan,1989,
South Sudan,1990,
South Sudan,1991,
South Sudan,1992,
South Sudan,1993,
South Sudan,1994,
South Sudan,1995,
South Sudan,1996,
South Sudan,1997,
South Sudan,1998,
South Sudan,1999,
South Sudan,2000,
South Sudan,2001,
South Sudan,2002,
South Sudan,2003,
South Sudan,2004,
South Sudan,2005,
South Sudan,2006,
South Sudan,2007,
South Sudan,2008,
South Sudan,2009,24.4
South Sudan,2010,
South Sudan,2011,
South Sudan,2012,
South Sudan,2013,
South Sudan,2014,
South Sudan,2015,
Sri Lanka,1985,
Sri Lanka,1986,
Sri Lanka,1987,
Sri Lanka,1988,
Sri Lanka,1989,
Sri Lanka,1990,
Sri Lanka,1991,
Sri Lanka,1992,
Sri Lanka,1993,
Sri Lanka,1994,
Sri Lanka,1995,
Sri Lanka,1996,
Sri Lanka,1997,
Sri Lanka,1998,
Sri Lanka,1999,
Sri Lanka,2000,
Sri Lanka,2001,
Sri Lanka,2002,7.9
Sri Lanka,2003,
Sri Lanka,2004,
Sri Lanka,2005,
Sri Lanka,2006,6.7
Sri Lanka,2007,
Sri Lanka,2008,
Sri Lanka,2009,5.3
Sri Lanka,2010,
Sri Lanka,2011,
Sri Lanka,2012,2.1
Sri Lanka,2013,
Sri Lanka,2014,
Sri Lanka,2015,
Sudan,1985,
Sudan,1986,
Sudan,1987,
Sudan,1988,
Sudan,1989,
Sudan,1990,
Sudan,1991,
Sudan,1992,
Sudan,1993,
Sudan,1994,
Sudan,1995,
Sudan,1996,
Sudan,1997,
Sudan,1998,
Sudan,1999,
Sudan,2000,
Sudan,2001,
Sudan,2002,
Sudan,2003,
Sudan,2004,
Sudan,2005,
Sudan,2006,
Sudan,2007,
Sudan,2008,
Sudan,2009,26.5
Sudan,2010,
Sudan,2011,
Sudan,2012,
Sudan,2013,
Sudan,2014,
Sudan,2015,
Swaziland,1985,
Swaziland,1986,
Swaziland,1987,
Swaziland,1988,
Swaziland,1989,
Swaziland,1990,
Swaziland,1991,
Swaziland,1992,
Swaziland,1993,
Swaziland,1994,
Swaziland,1995,
Swaziland,1996,
Swaziland,1997,
Swaziland,1998,
Swaziland,1999,
Swaziland,2000,35.5
Swaziland,2001,
Swaziland,2002,
Swaziland,2003,
Swaziland,2004,
Swaziland,2005,
Swaziland,2006,
Swaziland,2007,
Swaziland,2008,
Swaziland,2009,31.1
Swaziland,2010,
Swaziland,2011,
Swaziland,2012,
Swaziland,2013,
Swaziland,2014,
Swaziland,2015,
Syria,1985,
Syria,1986,
Syria,1987,
Syria,1988,
Syria,1989,
Syria,1990,
Syria,1991,
Syria,1992,
Syria,1993,
Syria,1994,
Syria,1995,
Syria,1996,
Syria,1997,
Syria,1998,
Syria,1999,
Syria,2000,
Syria,2001,
Syria,2002,
Syria,2003,
Syria,2004,28.5
Syria,2005,
Syria,2006,
Syria,2007,30.8
Syria,2008,
Syria,2009,
Syria,2010,
Syria,2011,
Syria,2012,
Syria,2013,
Syria,2014,
Syria,2015,
Tajikistan,1985,
Tajikistan,1986,
Tajikistan,1987,
Tajikistan,1988,
Tajikistan,1989,
Tajikistan,1990,
Tajikistan,1991,
Tajikistan,1992,
Tajikistan,1993,
Tajikistan,1994,
Tajikistan,1995,
Tajikistan,1996,
Tajikistan,1997,
Tajikistan,1998,
Tajikistan,1999,
Tajikistan,2000,
Tajikistan,2001,
Tajikistan,2002,
Tajikistan,2003,
Tajikistan,2004,
Tajikistan,2005,
Tajikistan,2006,
Tajikistan,2007,
Tajikistan,2008,
Tajikistan,2009,
Tajikistan,2010,
Tajikistan,2011,
Tajikistan,2012,
Tajikistan,2013,27.8
Tajikistan,2014,23.5
Tajikistan,2015,23.2
Tanzania,1985,
Tanzania,1986,
Tanzania,1987,
Tanzania,1988,
Tanzania,1989,
Tanzania,1990,
Tanzania,1991,
Tanzania,1992,
Tanzania,1993,
Tanzania,1994,
Tanzania,1995,
Tanzania,1996,
Tanzania,1997,
Tanzania,1998,
Tanzania,1999,
Tanzania,2000,
Tanzania,2001,
Tanzania,2002,
Tanzania,2003,
Tanzania,2004,
Tanzania,2005,
Tanzania,2006,
Tanzania,2007,
Tanzania,2008,
Tanzania,2009,
Tanzania,2010,
Tanzania,2011,15.5
Tanzania,2012,
Tanzania,2013,
Tanzania,2014,
Tanzania,2015,
Thailand,1985,
Thailand,1986,
Thailand,1987,
Thailand,1988,
Thailand,1989,
Thailand,1990,
Thailand,1991,
Thailand,1992,
Thailand,1993,
Thailand,1994,
Thailand,1995,
Thailand,1996,
Thailand,1997,
Thailand,1998,
Thailand,1999,
Thailand,2000,22.2
Thailand,2001,
Thailand,2002,17.0
Thailand,2003,
Thailand,2004,14.6
Thailand,2005,
Thailand,2006,11.8
Thailand,2007,11.3
Thailand,2008,10.7
Thailand,2009,10.2
Thailand,2010,8.7
Thailand,2011,9.0
Thailand,2012,8.8
Thailand,2013,7.7
Thailand,2014,
Thailand,2015,
Timor-Leste,1985,
Timor-Leste,1986,
Timor-Leste,1987,
Timor-Leste,1988,
Timor-Leste,1989,
Timor-Leste,1990,
Timor-Leste,1991,
Timor-Leste,1992,
Timor-Leste,1993,
Timor-Leste,1994,
Timor-Leste,1995,
Timor-Leste,1996,
Timor-Leste,1997,
Timor-Leste,1998,
Timor-Leste,1999,
Timor-Leste,2000,
Timor-Leste,2001,25.2
Timor-Leste,2002,
Timor-Leste,2003,
Timor-Leste,2004,
Timor-Leste,2005,
Timor-Leste,2006,
Timor-Leste,2007,38.3
Timor-Leste,2008,
Timor-Leste,2009,
Timor-Leste,2010,
Timor-Leste,2011,
Timor-Leste,2012,
Timor-Leste,2013,
Timor-Leste,2014,28.3
Timor-Leste,2015,
Togo,1985,
Togo,1986,
Togo,1987,
Togo,1988,
Togo,1989,
Togo,1990,
Togo,1991,
Togo,1992,
Togo,1993,
Togo,1994,
Togo,1995,
Togo,1996,
Togo,1997,
Togo,1998,
Togo,1999,
Togo,2000,
Togo,2001,
Togo,2002,
Togo,2003,
Togo,2004,
Togo,2005,
Togo,2006,37.2
Togo,2007,
Togo,2008,
Togo,2009,
Togo,2010,
Togo,2011,34.6
Togo,2012,
Togo,2013,
Togo,2014,
Togo,2015,35.9
Turkey,1985,
Turkey,1986,
Turkey,1987,
Turkey,1988,
Turkey,1989,
Turkey,1990,
Turkey,1991,
Turkey,1992,
Turkey,1993,
Turkey,1994,
Turkey,1995,
Turkey,1996,
Turkey,1997,
Turkey,1998,
Turkey,1999,
Turkey,2000,
Turkey,2001,
Turkey,2002,24.6
Turkey,2003,18.3
Turkey,2004,13.5
Turkey,2005,10.1
Turkey,2006,6.1
Turkey,2007,4.4
Turkey,2008,3.1
Turkey,2009,1.0
Turkey,2010,1.0
Turkey,2011,0.9
Turkey,2012,0.6
Turkey,2013,0.6
Turkey,2014,
Turkey,2015,
Tuvalu,1985,
Tuvalu,1986,
Tuvalu,1987,
Tuvalu,1988,
Tuvalu,1989,
Tuvalu,1990,
Tuvalu,1991,
Tuvalu,1992,
Tuvalu,1993,
Tuvalu,1994,
Tuvalu,1995,
Tuvalu,1996,
Tuvalu,1997,
Tuvalu,1998,
Tuvalu,1999,
Tuvalu,2000,
Tuvalu,2001,
Tuvalu,2002,
Tuvalu,2003,
Tuvalu,2004,
Tuvalu,2005,
Tuvalu,2006,
Tuvalu,2007,
Tuvalu,2008,
Tuvalu,2009,
Tuvalu,2010,24.8
Tuvalu,2011,
Tuvalu,2012,
Tuvalu,2013,
Tuvalu,2014,
Tuvalu,2015,
Uganda,1985,
Uganda,1986,
Uganda,1987,
Uganda,1988,
Uganda,1989,
Uganda,1990,
Uganda,1991,
Uganda,1992,28.8
Uganda,1993,
Uganda,1994,
Uganda,1995,
Uganda,1996,16.7
Uganda,1997,
Uganda,1998,
Uganda,1999,9.6
Uganda,2000,
Uganda,2001,
Uganda,2002,14.4
Uganda,2003,
Uganda,2004,
Uganda,2005,13.7
Uganda,2006,
Uganda,2007,
Uganda,2008,
Uganda,2009,9.1
Uganda,2010,
Uganda,2011,
Uganda,2012,9.6
Uganda,2013,
Uganda,2014,
Uganda,2015,
Uruguay,1985,
Uruguay,1986,
Uruguay,1987,
Uruguay,1988,
Uruguay,1989,
Uruguay,1990,
Uruguay,1991,
Uruguay,1992,
Uruguay,1993,
Uruguay,1994,
Uruguay,1995,
Uruguay,1996,
Uruguay,1997,
Uruguay,1998,
Uruguay,1999,
Uruguay,2000,
Uruguay,2001,
Uruguay,2002,35.2
Uruguay,2003,39.4
Uruguay,2004,39.9
Uruguay,2005,36.6
Uruguay,2006,32.6
Uruguay,2007,30.0
Uruguay,2008,24.4
Uruguay,2009,21.5
Uruguay,2010,18.7
Uruguay,2011,14.3
Uruguay,2012,13.1
Uruguay,2013,12.0
Uruguay,2014,10.1
Uruguay,2015,
Vietnam,1985,
Vietnam,1986,
Vietnam,1987,
Vietnam,1988,
Vietnam,1989,
Vietnam,1990,
Vietnam,1991,
Vietnam,1992,
Vietnam,1993,
Vietnam,1994,
Vietnam,1995,
Vietnam,1996,
Vietnam,1997,
Vietnam,1998,
Vietnam,1999,
Vietnam,2000,
Vietnam,2001,
Vietnam,2002,
Vietnam,2003,
Vietnam,2004,
Vietnam,2005,
Vietnam,2006,
Vietnam,2007,
Vietnam,2008,
Vietnam,2009,
Vietnam,2010,6.0
Vietnam,2011,
Vietnam,2012,5.4
Vietnam,2013,
Vietnam,2014,3.8
Vietnam,2015,
Yemen,1985,
Yemen,1986,
Yemen,1987,
Yemen,1988,
Yemen,1989,
Yemen,1990,
Yemen,1991,
Yemen,1992,
Yemen,1993,
Yemen,1994,
Yemen,1995,
Yemen,1996,
Yemen,1997,
Yemen,1998,
Yemen,1999,
Yemen,2000,
Yemen,2001,
Yemen,2002,
Yemen,2003,
Yemen,2004,
Yemen,2005,20.7
Yemen,2006,
Yemen,2007,
Yemen,2008,
Yemen,2009,
Yemen,2010,
Yemen,2011,
Yemen,2012,
Yemen,2013,
Yemen,2014,
Yemen,2015,
