Country,Year,literacy_rate_adult_total_percent_of_people_ages_15_and_above
Afghanistan,1975,
Afghanistan,1976,
Afghanistan,1977,
Afghanistan,1978,
Afghanistan,1979,18.2
Afghanistan,1980,
Afghanistan,1981,
Afghanistan,1982,
Afghanistan,1983,
Afghanistan,1984,
Afghanistan,1985,
Afghanistan,1986,
Afghanistan,1987,
Afghanistan,1988,
Afghanistan,1989,
Afghanistan,1990,
Afghanistan,1991,
Afghanistan,1992,
Afghanistan,1993,
Afghanistan,1994,
Afghanistan,1995,
Afghanistan,1996,
Afghanistan,1997,
Afghanistan,1998,
Afghanistan,1999,
Afghanistan,2000,
Afghanistan,2001,
Afghanistan,2002,
Afghanistan,2003,
Afghanistan,2004,
Afghanistan,2005,
Afghanistan,2006,
Afghanistan,2007,
Afghanistan,2008,
Afghanistan,2009,
Afghanistan,2010,
Afghanistan,2011,39.0
Albania,1975,
Albania,1976,
Albania,1977,
Albania,1978,
Albania,1979,
Albania,1980,
Albania,1981,
Albania,1982,
Albania,1983,
Albania,1984,
Albania,1985,
Albania,1986,
Albania,1987,
Albania,1988,
Albania,1989,
Albania,1990,
Albania,1991,
Albania,1992,
Albania,1993,
Albania,1994,
Albania,1995,
Albania,1996,
Albania,1997,
Albania,1998,
Albania,1999,
Albania,2000,
Albania,2001,98.7
Albania,2002,
Albania,2003,
Albania,2004,
Albania,2005,
Albania,2006,
Albania,2007,
Albania,2008,95.9
Albania,2009,
Albania,2010,
Albania,2011,96.8
Algeria,1975,
Algeria,1976,
Algeria,1977,
Algeria,1978,
Algeria,1979,
Algeria,1980,
Algeria,1981,
Algeria,1982,
Algeria,1983,
Algeria,1984,
Algeria,1985,
Algeria,1986,
Algeria,1987,49.6
Algeria,1988,
Algeria,1989,
Algeria,1990,
Algeria,1991,
Algeria,1992,
Algeria,1993,
Algeria,1994,
Algeria,1995,
Algeria,1996,
Algeria,1997,
Algeria,1998,
Algeria,1999,
Algeria,2000,
Algeria,2001,
Algeria,2002,69.9
Algeria,2003,
Algeria,2004,
Algeria,2005,
Algeria,2006,72.7
Algeria,2007,
Algeria,2008,
Algeria,2009,
Algeria,2010,
Algeria,2011,
Angola,1975,
Angola,1976,
Angola,1977,
Angola,1978,
Angola,1979,
Angola,1980,
Angola,1981,
Angola,1982,
Angola,1983,
Angola,1984,
Angola,1985,
Angola,1986,
Angola,1987,
Angola,1988,
Angola,1989,
Angola,1990,
Angola,1991,
Angola,1992,
Angola,1993,
Angola,1994,
Angola,1995,
Angola,1996,
Angola,1997,
Angola,1998,
Angola,1999,
Angola,2000,
Angola,2001,67.4
Angola,2002,
Angola,2003,
Angola,2004,
Angola,2005,
Angola,2006,
Angola,2007,
Angola,2008,
Angola,2009,
Angola,2010,
Angola,2011,70.4
Antigua and Barbuda,1975,
Antigua and Barbuda,1976,
Antigua and Barbuda,1977,
Antigua and Barbuda,1978,
Antigua and Barbuda,1979,
Antigua and Barbuda,1980,
Antigua and Barbuda,1981,
Antigua and Barbuda,1982,
Antigua and Barbuda,1983,
Antigua and Barbuda,1984,
Antigua and Barbuda,1985,
Antigua and Barbuda,1986,
Antigua and Barbuda,1987,
Antigua and Barbuda,1988,
Antigua and Barbuda,1989,
Antigua and Barbuda,1990,
Antigua and Barbuda,1991,
Antigua and Barbuda,1992,
Antigua and Barbuda,1993,
Antigua and Barbuda,1994,
Antigua and Barbuda,1995,
Antigua and Barbuda,1996,
Antigua and Barbuda,1997,
Antigua and Barbuda,1998,
Antigua and Barbuda,1999,
Antigua and Barbuda,2000,
Antigua and Barbuda,2001,99.0
Antigua and Barbuda,2002,
Antigua and Barbuda,2003,
Antigua and Barbuda,2004,
Antigua and Barbuda,2005,
Antigua and Barbuda,2006,
Antigua and Barbuda,2007,
Antigua and Barbuda,2008,
Antigua and Barbuda,2009,
Antigua and Barbuda,2010,
Antigua and Barbuda,2011,99.0
Argentina,1975,
Argentina,1976,
Argentina,1977,
Argentina,1978,
Argentina,1979,
Argentina,1980,93.9
Argentina,1981,
Argentina,1982,
Argentina,1983,
Argentina,1984,
Argentina,1985,
Argentina,1986,
Argentina,1987,
Argentina,1988,
Argentina,1989,
Argentina,1990,
Argentina,1991,96.1
Argentina,1992,
Argentina,1993,
Argentina,1994,
Argentina,1995,
Argentina,1996,
Argentina,1997,
Argentina,1998,
Argentina,1999,
Argentina,2000,
Argentina,2001,97.2
Argentina,2002,
Argentina,2003,
Argentina,2004,
Argentina,2005,
Argentina,2006,
Argentina,2007,
Argentina,2008,
Argentina,2009,
Argentina,2010,
Argentina,2011,97.9
Armenia,1975,
Armenia,1976,
Armenia,1977,
Armenia,1978,
Armenia,1979,
Armenia,1980,
Armenia,1981,
Armenia,1982,
Armenia,1983,
Armenia,1984,
Armenia,1985,
Armenia,1986,
Armenia,1987,
Armenia,1988,
Armenia,1989,98.8
Armenia,1990,
Armenia,1991,
Armenia,1992,
Armenia,1993,
Armenia,1994,
Armenia,1995,
Armenia,1996,
Armenia,1997,
Armenia,1998,
Armenia,1999,
Armenia,2000,
Armenia,2001,99.4
Armenia,2002,
Armenia,2003,
Armenia,2004,
Armenia,2005,
Armenia,2006,
Armenia,2007,
Armenia,2008,
Armenia,2009,
Armenia,2010,
Armenia,2011,99.6
Azerbaijan,1975,
Azerbaijan,1976,
Azerbaijan,1977,
Azerbaijan,1978,
Azerbaijan,1979,
Azerbaijan,1980,
Azerbaijan,1981,
Azerbaijan,1982,
Azerbaijan,1983,
Azerbaijan,1984,
Azerbaijan,1985,
Azerbaijan,1986,
Azerbaijan,1987,
Azerbaijan,1988,
Azerbaijan,1989,
Azerbaijan,1990,
Azerbaijan,1991,
Azerbaijan,1992,
Azerbaijan,1993,
Azerbaijan,1994,
Azerbaijan,1995,
Azerbaijan,1996,
Azerbaijan,1997,
Azerbaijan,1998,
Azerbaijan,1999,98.8
Azerbaijan,2000,
Azerbaijan,2001,
Azerbaijan,2002,
Azerbaijan,2003,
Azerbaijan,2004,
Azerbaijan,2005,
Azerbaijan,2006,
Azerbaijan,2007,99.6
Azerbaijan,2008,
Azerbaijan,2009,99.8
Azerbaijan,2010,
Azerbaijan,2011,
Bahrain,1975,
Bahrain,1976,
Bahrain,1977,
Bahrain,1978,
Bahrain,1979,
Bahrain,1980,
Bahrain,1981,69.8
Bahrain,1982,
Bahrain,1983,
Bahrain,1984,
Bahrain,1985,
Bahrain,1986,
Bahrain,1987,
Bahrain,1988,
Bahrain,1989,
Bahrain,1990,
Bahrain,1991,84.0
Bahrain,1992,
Bahrain,1993,
Bahrain,1994,
Bahrain,1995,
Bahrain,1996,
Bahrain,1997,
Bahrain,1998,
Bahrain,1999,
Bahrain,2000,
Bahrain,2001,86.5
Bahrain,2002,
Bahrain,2003,
Bahrain,2004,
Bahrain,2005,
Bahrain,2006,
Bahrain,2007,
Bahrain,2008,
Bahrain,2009,
Bahrain,2010,94.6
Bahrain,2011,
Bangladesh,1975,
Bangladesh,1976,
Bangladesh,1977,
Bangladesh,1978,
Bangladesh,1979,
Bangladesh,1980,
Bangladesh,1981,29.2
Bangladesh,1982,
Bangladesh,1983,
Bangladesh,1984,
Bangladesh,1985,
Bangladesh,1986,
Bangladesh,1987,
Bangladesh,1988,
Bangladesh,1989,
Bangladesh,1990,
Bangladesh,1991,35.3
Bangladesh,1992,
Bangladesh,1993,
Bangladesh,1994,
Bangladesh,1995,
Bangladesh,1996,
Bangladesh,1997,
Bangladesh,1998,
Bangladesh,1999,
Bangladesh,2000,
Bangladesh,2001,47.5
Bangladesh,2002,
Bangladesh,2003,
Bangladesh,2004,
Bangladesh,2005,
Bangladesh,2006,
Bangladesh,2007,
Bangladesh,2008,
Bangladesh,2009,
Bangladesh,2010,
Bangladesh,2011,57.7
Belarus,1975,
Belarus,1976,
Belarus,1977,
Belarus,1978,
Belarus,1979,
Belarus,1980,
Belarus,1981,
Belarus,1982,
Belarus,1983,
Belarus,1984,
Belarus,1985,
Belarus,1986,
Belarus,1987,
Belarus,1988,
Belarus,1989,97.9
Belarus,1990,
Belarus,1991,
Belarus,1992,
Belarus,1993,
Belarus,1994,
Belarus,1995,
Belarus,1996,
Belarus,1997,
Belarus,1998,
Belarus,1999,99.6
Belarus,2000,
Belarus,2001,
Belarus,2002,
Belarus,2003,
Belarus,2004,
Belarus,2005,
Belarus,2006,
Belarus,2007,
Belarus,2008,
Belarus,2009,99.6
Belarus,2010,
Belarus,2011,
Belize,1975,
Belize,1976,
Belize,1977,
Belize,1978,
Belize,1979,
Belize,1980,
Belize,1981,
Belize,1982,
Belize,1983,
Belize,1984,
Belize,1985,
Belize,1986,
Belize,1987,
Belize,1988,
Belize,1989,
Belize,1990,
Belize,1991,70.3
Belize,1992,
Belize,1993,
Belize,1994,
Belize,1995,
Belize,1996,
Belize,1997,
Belize,1998,
Belize,1999,
Belize,2000,
Belize,2001,
Belize,2002,
Belize,2003,
Belize,2004,
Belize,2005,
Belize,2006,
Belize,2007,
Belize,2008,
Belize,2009,
Belize,2010,
Belize,2011,
Benin,1975,
Benin,1976,
Benin,1977,
Benin,1978,
Benin,1979,16.5
Benin,1980,
Benin,1981,
Benin,1982,
Benin,1983,
Benin,1984,
Benin,1985,
Benin,1986,
Benin,1987,
Benin,1988,
Benin,1989,
Benin,1990,
Benin,1991,
Benin,1992,27.3
Benin,1993,
Benin,1994,
Benin,1995,
Benin,1996,
Benin,1997,
Benin,1998,
Benin,1999,
Benin,2000,
Benin,2001,
Benin,2002,34.7
Benin,2003,
Benin,2004,
Benin,2005,
Benin,2006,28.7
Benin,2007,
Benin,2008,
Benin,2009,
Benin,2010,
Benin,2011,
Bhutan,1975,
Bhutan,1976,
Bhutan,1977,
Bhutan,1978,
Bhutan,1979,
Bhutan,1980,
Bhutan,1981,
Bhutan,1982,
Bhutan,1983,
Bhutan,1984,
Bhutan,1985,
Bhutan,1986,
Bhutan,1987,
Bhutan,1988,
Bhutan,1989,
Bhutan,1990,
Bhutan,1991,
Bhutan,1992,
Bhutan,1993,
Bhutan,1994,
Bhutan,1995,
Bhutan,1996,
Bhutan,1997,
Bhutan,1998,
Bhutan,1999,
Bhutan,2000,
Bhutan,2001,
Bhutan,2002,
Bhutan,2003,
Bhutan,2004,
Bhutan,2005,52.8
Bhutan,2006,
Bhutan,2007,
Bhutan,2008,
Bhutan,2009,
Bhutan,2010,
Bhutan,2011,
Bolivia,1975,
Bolivia,1976,63.2
Bolivia,1977,
Bolivia,1978,
Bolivia,1979,
Bolivia,1980,
Bolivia,1981,
Bolivia,1982,
Bolivia,1983,
Bolivia,1984,
Bolivia,1985,
Bolivia,1986,
Bolivia,1987,
Bolivia,1988,
Bolivia,1989,
Bolivia,1990,
Bolivia,1991,
Bolivia,1992,80.0
Bolivia,1993,
Bolivia,1994,
Bolivia,1995,
Bolivia,1996,
Bolivia,1997,
Bolivia,1998,
Bolivia,1999,
Bolivia,2000,
Bolivia,2001,86.7
Bolivia,2002,
Bolivia,2003,
Bolivia,2004,
Bolivia,2005,
Bolivia,2006,
Bolivia,2007,90.7
Bolivia,2008,90.7
Bolivia,2009,91.2
Bolivia,2010,
Bolivia,2011,
Bosnia and Herzegovina,1975,
Bosnia and Herzegovina,1976,
Bosnia and Herzegovina,1977,
Bosnia and Herzegovina,1978,
Bosnia and Herzegovina,1979,
Bosnia and Herzegovina,1980,
Bosnia and Herzegovina,1981,
Bosnia and Herzegovina,1982,
Bosnia and Herzegovina,1983,
Bosnia and Herzegovina,1984,
Bosnia and Herzegovina,1985,
Bosnia and Herzegovina,1986,
Bosnia and Herzegovina,1987,
Bosnia and Herzegovina,1988,
Bosnia and Herzegovina,1989,
Bosnia and Herzegovina,1990,
Bosnia and Herzegovina,1991,
Bosnia and Herzegovina,1992,
Bosnia and Herzegovina,1993,
Bosnia and Herzegovina,1994,
Bosnia and Herzegovina,1995,
Bosnia and Herzegovina,1996,
Bosnia and Herzegovina,1997,
Bosnia and Herzegovina,1998,
Bosnia and Herzegovina,1999,
Bosnia and Herzegovina,2000,96.7
Bosnia and Herzegovina,2001,
Bosnia and Herzegovina,2002,
Bosnia and Herzegovina,2003,
Bosnia and Herzegovina,2004,
Bosnia and Herzegovina,2005,
Bosnia and Herzegovina,2006,
Bosnia and Herzegovina,2007,
Bosnia and Herzegovina,2008,
Bosnia and Herzegovina,2009,
Bosnia and Herzegovina,2010,
Bosnia and Herzegovina,2011,98.0
Botswana,1975,
Botswana,1976,
Botswana,1977,
Botswana,1978,
Botswana,1979,
Botswana,1980,
Botswana,1981,
Botswana,1982,
Botswana,1983,
Botswana,1984,
Botswana,1985,
Botswana,1986,
Botswana,1987,
Botswana,1988,
Botswana,1989,
Botswana,1990,
Botswana,1991,68.6
Botswana,1992,
Botswana,1993,
Botswana,1994,
Botswana,1995,
Botswana,1996,
Botswana,1997,
Botswana,1998,
Botswana,1999,
Botswana,2000,
Botswana,2001,
Botswana,2002,
Botswana,2003,81.2
Botswana,2004,
Botswana,2005,
Botswana,2006,
Botswana,2007,
Botswana,2008,
Botswana,2009,
Botswana,2010,
Botswana,2011,85.1
Brazil,1975,
Brazil,1976,
Brazil,1977,
Brazil,1978,
Brazil,1979,
Brazil,1980,74.6
Brazil,1981,
Brazil,1982,
Brazil,1983,
Brazil,1984,
Brazil,1985,
Brazil,1986,
Brazil,1987,
Brazil,1988,
Brazil,1989,
Brazil,1990,
Brazil,1991,
Brazil,1992,
Brazil,1993,
Brazil,1994,
Brazil,1995,
Brazil,1996,
Brazil,1997,
Brazil,1998,
Brazil,1999,
Brazil,2000,86.4
Brazil,2001,
Brazil,2002,
Brazil,2003,
Brazil,2004,88.6
Brazil,2005,
Brazil,2006,89.6
Brazil,2007,90.0
Brazil,2008,90.0
Brazil,2009,90.3
Brazil,2010,90.4
Brazil,2011,
Brunei,1975,
Brunei,1976,
Brunei,1977,
Brunei,1978,
Brunei,1979,
Brunei,1980,
Brunei,1981,77.8
Brunei,1982,
Brunei,1983,
Brunei,1984,
Brunei,1985,
Brunei,1986,
Brunei,1987,
Brunei,1988,
Brunei,1989,
Brunei,1990,
Brunei,1991,87.8
Brunei,1992,
Brunei,1993,
Brunei,1994,
Brunei,1995,
Brunei,1996,
Brunei,1997,
Brunei,1998,
Brunei,1999,
Brunei,2000,
Brunei,2001,92.7
Brunei,2002,
Brunei,2003,
Brunei,2004,
Brunei,2005,
Brunei,2006,
Brunei,2007,
Brunei,2008,
Brunei,2009,
Brunei,2010,
Brunei,2011,95.5
Bulgaria,1975,
Bulgaria,1976,
Bulgaria,1977,
Bulgaria,1978,
Bulgaria,1979,
Bulgaria,1980,
Bulgaria,1981,
Bulgaria,1982,
Bulgaria,1983,
Bulgaria,1984,
Bulgaria,1985,
Bulgaria,1986,
Bulgaria,1987,
Bulgaria,1988,
Bulgaria,1989,
Bulgaria,1990,
Bulgaria,1991,
Bulgaria,1992,
Bulgaria,1993,
Bulgaria,1994,
Bulgaria,1995,
Bulgaria,1996,
Bulgaria,1997,
Bulgaria,1998,
Bulgaria,1999,
Bulgaria,2000,
Bulgaria,2001,98.2
Bulgaria,2002,
Bulgaria,2003,
Bulgaria,2004,
Bulgaria,2005,
Bulgaria,2006,
Bulgaria,2007,
Bulgaria,2008,
Bulgaria,2009,
Bulgaria,2010,
Bulgaria,2011,98.3
Burkina Faso,1975,8.69
Burkina Faso,1976,
Burkina Faso,1977,
Burkina Faso,1978,
Burkina Faso,1979,
Burkina Faso,1980,
Burkina Faso,1981,
Burkina Faso,1982,
Burkina Faso,1983,
Burkina Faso,1984,
Burkina Faso,1985,
Burkina Faso,1986,
Burkina Faso,1987,
Burkina Faso,1988,
Burkina Faso,1989,
Burkina Faso,1990,
Burkina Faso,1991,13.6
Burkina Faso,1992,
Burkina Faso,1993,
Burkina Faso,1994,
Burkina Faso,1995,
Burkina Faso,1996,12.8
Burkina Faso,1997,
Burkina Faso,1998,
Burkina Faso,1999,
Burkina Faso,2000,
Burkina Faso,2001,
Burkina Faso,2002,
Burkina Faso,2003,21.8
Burkina Faso,2004,
Burkina Faso,2005,23.6
Burkina Faso,2006,
Burkina Faso,2007,28.7
Burkina Faso,2008,
Burkina Faso,2009,
Burkina Faso,2010,
Burkina Faso,2011,
Burundi,1975,
Burundi,1976,
Burundi,1977,
Burundi,1978,
Burundi,1979,22.5
Burundi,1980,
Burundi,1981,
Burundi,1982,
Burundi,1983,
Burundi,1984,
Burundi,1985,
Burundi,1986,
Burundi,1987,
Burundi,1988,
Burundi,1989,
Burundi,1990,37.4
Burundi,1991,
Burundi,1992,
Burundi,1993,
Burundi,1994,
Burundi,1995,
Burundi,1996,
Burundi,1997,
Burundi,1998,
Burundi,1999,
Burundi,2000,59.3
Burundi,2001,
Burundi,2002,
Burundi,2003,
Burundi,2004,
Burundi,2005,
Burundi,2006,
Burundi,2007,
Burundi,2008,87.0
Burundi,2009,
Burundi,2010,
Burundi,2011,
Cambodia,1975,
Cambodia,1976,
Cambodia,1977,
Cambodia,1978,
Cambodia,1979,
Cambodia,1980,
Cambodia,1981,
Cambodia,1982,
Cambodia,1983,
Cambodia,1984,
Cambodia,1985,
Cambodia,1986,
Cambodia,1987,
Cambodia,1988,
Cambodia,1989,
Cambodia,1990,
Cambodia,1991,
Cambodia,1992,
Cambodia,1993,
Cambodia,1994,
Cambodia,1995,
Cambodia,1996,
Cambodia,1997,
Cambodia,1998,67.3
Cambodia,1999,
Cambodia,2000,
Cambodia,2001,
Cambodia,2002,
Cambodia,2003,
Cambodia,2004,73.6
Cambodia,2005,
Cambodia,2006,
Cambodia,2007,
Cambodia,2008,77.6
Cambodia,2009,73.9
Cambodia,2010,
Cambodia,2011,
Cameroon,1975,
Cameroon,1976,41.2
Cameroon,1977,
Cameroon,1978,
Cameroon,1979,
Cameroon,1980,
Cameroon,1981,
Cameroon,1982,
Cameroon,1983,
Cameroon,1984,
Cameroon,1985,
Cameroon,1986,
Cameroon,1987,
Cameroon,1988,
Cameroon,1989,
Cameroon,1990,
Cameroon,1991,
Cameroon,1992,
Cameroon,1993,
Cameroon,1994,
Cameroon,1995,
Cameroon,1996,
Cameroon,1997,
Cameroon,1998,
Cameroon,1999,
Cameroon,2000,68.4
Cameroon,2001,
Cameroon,2002,
Cameroon,2003,
Cameroon,2004,
Cameroon,2005,
Cameroon,2006,
Cameroon,2007,70.7
Cameroon,2008,
Cameroon,2009,
Cameroon,2010,71.3
Cameroon,2011,
Cape Verde,1975,
Cape Verde,1976,
Cape Verde,1977,
Cape Verde,1978,
Cape Verde,1979,
Cape Verde,1980,
Cape Verde,1981,
Cape Verde,1982,
Cape Verde,1983,
Cape Verde,1984,
Cape Verde,1985,
Cape Verde,1986,
Cape Verde,1987,
Cape Verde,1988,
Cape Verde,1989,
Cape Verde,1990,62.8
Cape Verde,1991,
Cape Verde,1992,
Cape Verde,1993,
Cape Verde,1994,
Cape Verde,1995,
Cape Verde,1996,
Cape Verde,1997,
Cape Verde,1998,
Cape Verde,1999,
Cape Verde,2000,
Cape Verde,2001,
Cape Verde,2002,
Cape Verde,2003,
Cape Verde,2004,80.0
Cape Verde,2005,
Cape Verde,2006,
Cape Verde,2007,
Cape Verde,2008,
Cape Verde,2009,
Cape Verde,2010,
Cape Verde,2011,84.9
Central African Republic,1975,18.2
Central African Republic,1976,
Central African Republic,1977,
Central African Republic,1978,
Central African Republic,1979,
Central African Republic,1980,
Central African Republic,1981,
Central African Republic,1982,
Central African Republic,1983,
Central African Republic,1984,
Central African Republic,1985,
Central African Republic,1986,
Central African Republic,1987,
Central African Republic,1988,33.6
Central African Republic,1989,
Central African Republic,1990,
Central African Republic,1991,
Central African Republic,1992,
Central African Republic,1993,
Central African Republic,1994,
Central African Republic,1995,
Central African Republic,1996,
Central African Republic,1997,
Central African Republic,1998,
Central African Republic,1999,
Central African Republic,2000,50.6
Central African Republic,2001,
Central African Republic,2002,
Central African Republic,2003,
Central African Republic,2004,
Central African Republic,2005,
Central African Republic,2006,
Central African Republic,2007,
Central African Republic,2008,
Central African Republic,2009,
Central African Republic,2010,
Central African Republic,2011,56.6
Chad,1975,
Chad,1976,
Chad,1977,
Chad,1978,
Chad,1979,
Chad,1980,
Chad,1981,
Chad,1982,
Chad,1983,
Chad,1984,
Chad,1985,
Chad,1986,
Chad,1987,
Chad,1988,
Chad,1989,
Chad,1990,
Chad,1991,
Chad,1992,
Chad,1993,10.9
Chad,1994,
Chad,1995,
Chad,1996,
Chad,1997,
Chad,1998,
Chad,1999,
Chad,2000,25.6
Chad,2001,
Chad,2002,
Chad,2003,
Chad,2004,28.4
Chad,2005,
Chad,2006,
Chad,2007,
Chad,2008,
Chad,2009,
Chad,2010,
Chad,2011,35.4
Chile,1975,
Chile,1976,
Chile,1977,
Chile,1978,
Chile,1979,
Chile,1980,
Chile,1981,
Chile,1982,91.1
Chile,1983,
Chile,1984,
Chile,1985,
Chile,1986,
Chile,1987,
Chile,1988,
Chile,1989,
Chile,1990,
Chile,1991,
Chile,1992,94.3
Chile,1993,
Chile,1994,
Chile,1995,
Chile,1996,
Chile,1997,
Chile,1998,
Chile,1999,
Chile,2000,
Chile,2001,
Chile,2002,95.7
Chile,2003,
Chile,2004,
Chile,2005,
Chile,2006,
Chile,2007,
Chile,2008,98.7
Chile,2009,98.5
Chile,2010,
Chile,2011,
China,1975,
China,1976,
China,1977,
China,1978,
China,1979,
China,1980,
China,1981,
China,1982,65.5
China,1983,
China,1984,
China,1985,
China,1986,
China,1987,
China,1988,
China,1989,
China,1990,77.8
China,1991,
China,1992,
China,1993,
China,1994,
China,1995,
China,1996,
China,1997,
China,1998,
China,1999,
China,2000,90.9
China,2001,
China,2002,
China,2003,
China,2004,
China,2005,
China,2006,
China,2007,
China,2008,
China,2009,
China,2010,95.1
China,2011,
Colombia,1975,
Colombia,1976,
Colombia,1977,
Colombia,1978,
Colombia,1979,
Colombia,1980,
Colombia,1981,
Colombia,1982,
Colombia,1983,
Colombia,1984,
Colombia,1985,
Colombia,1986,
Colombia,1987,
Colombia,1988,
Colombia,1989,
Colombia,1990,
Colombia,1991,
Colombia,1992,
Colombia,1993,81.4
Colombia,1994,
Colombia,1995,
Colombia,1996,91.2
Colombia,1997,
Colombia,1998,
Colombia,1999,
Colombia,2000,
Colombia,2001,
Colombia,2002,
Colombia,2003,
Colombia,2004,92.8
Colombia,2005,92.8
Colombia,2006,92.3
Colombia,2007,92.7
Colombia,2008,93.4
Colombia,2009,93.2
Colombia,2010,93.4
Colombia,2011,93.6
Comoros,1975,
Comoros,1976,
Comoros,1977,
Comoros,1978,
Comoros,1979,
Comoros,1980,47.9
Comoros,1981,
Comoros,1982,
Comoros,1983,
Comoros,1984,
Comoros,1985,
Comoros,1986,
Comoros,1987,
Comoros,1988,
Comoros,1989,
Comoros,1990,
Comoros,1991,
Comoros,1992,
Comoros,1993,
Comoros,1994,
Comoros,1995,
Comoros,1996,
Comoros,1997,
Comoros,1998,
Comoros,1999,
Comoros,2000,68.5
Comoros,2001,
Comoros,2002,
Comoros,2003,
Comoros,2004,
Comoros,2005,
Comoros,2006,
Comoros,2007,
Comoros,2008,
Comoros,2009,
Comoros,2010,
Comoros,2011,75.5
"Congo, Dem. Rep.",1975,
"Congo, Dem. Rep.",1976,
"Congo, Dem. Rep.",1977,
"Congo, Dem. Rep.",1978,
"Congo, Dem. Rep.",1979,
"Congo, Dem. Rep.",1980,
"Congo, Dem. Rep.",1981,
"Congo, Dem. Rep.",1982,
"Congo, Dem. Rep.",1983,
"Congo, Dem. Rep.",1984,
"Congo, Dem. Rep.",1985,
"Congo, Dem. Rep.",1986,
"Congo, Dem. Rep.",1987,
"Congo, Dem. Rep.",1988,
"Congo, Dem. Rep.",1989,
"Congo, Dem. Rep.",1990,
"Congo, Dem. Rep.",1991,
"Congo, Dem. Rep.",1992,
"Congo, Dem. Rep.",1993,
"Congo, Dem. Rep.",1994,
"Congo, Dem. Rep.",1995,
"Congo, Dem. Rep.",1996,
"Congo, Dem. Rep.",1997,
"Congo, Dem. Rep.",1998,
"Congo, Dem. Rep.",1999,
"Congo, Dem. Rep.",2000,
"Congo, Dem. Rep.",2001,67.2
"Congo, Dem. Rep.",2002,
"Congo, Dem. Rep.",2003,
"Congo, Dem. Rep.",2004,
"Congo, Dem. Rep.",2005,
"Congo, Dem. Rep.",2006,
"Congo, Dem. Rep.",2007,61.2
"Congo, Dem. Rep.",2008,
"Congo, Dem. Rep.",2009,
"Congo, Dem. Rep.",2010,
"Congo, Dem. Rep.",2011,
Costa Rica,1975,
Costa Rica,1976,
Costa Rica,1977,
Costa Rica,1978,
Costa Rica,1979,
Costa Rica,1980,
Costa Rica,1981,
Costa Rica,1982,
Costa Rica,1983,
Costa Rica,1984,92.6
Costa Rica,1985,
Costa Rica,1986,
Costa Rica,1987,
Costa Rica,1988,
Costa Rica,1989,
Costa Rica,1990,
Costa Rica,1991,
Costa Rica,1992,
Costa Rica,1993,
Costa Rica,1994,
Costa Rica,1995,
Costa Rica,1996,
Costa Rica,1997,
Costa Rica,1998,
Costa Rica,1999,
Costa Rica,2000,94.9
Costa Rica,2001,
Costa Rica,2002,
Costa Rica,2003,
Costa Rica,2004,
Costa Rica,2005,
Costa Rica,2006,
Costa Rica,2007,
Costa Rica,2008,
Costa Rica,2009,
Costa Rica,2010,
Costa Rica,2011,96.3
Cote d'Ivoire,1975,
Cote d'Ivoire,1976,
Cote d'Ivoire,1977,
Cote d'Ivoire,1978,
Cote d'Ivoire,1979,
Cote d'Ivoire,1980,
Cote d'Ivoire,1981,
Cote d'Ivoire,1982,
Cote d'Ivoire,1983,
Cote d'Ivoire,1984,
Cote d'Ivoire,1985,
Cote d'Ivoire,1986,
Cote d'Ivoire,1987,
Cote d'Ivoire,1988,34.1
Cote d'Ivoire,1989,
Cote d'Ivoire,1990,
Cote d'Ivoire,1991,
Cote d'Ivoire,1992,
Cote d'Ivoire,1993,
Cote d'Ivoire,1994,
Cote d'Ivoire,1995,
Cote d'Ivoire,1996,
Cote d'Ivoire,1997,
Cote d'Ivoire,1998,36.4
Cote d'Ivoire,1999,
Cote d'Ivoire,2000,48.7
Cote d'Ivoire,2001,
Cote d'Ivoire,2002,
Cote d'Ivoire,2003,
Cote d'Ivoire,2004,
Cote d'Ivoire,2005,
Cote d'Ivoire,2006,
Cote d'Ivoire,2007,
Cote d'Ivoire,2008,
Cote d'Ivoire,2009,
Cote d'Ivoire,2010,
Cote d'Ivoire,2011,56.9
Croatia,1975,
Croatia,1976,
Croatia,1977,
Croatia,1978,
Croatia,1979,
Croatia,1980,
Croatia,1981,
Croatia,1982,
Croatia,1983,
Croatia,1984,
Croatia,1985,
Croatia,1986,
Croatia,1987,
Croatia,1988,
Croatia,1989,
Croatia,1990,
Croatia,1991,96.7
Croatia,1992,
Croatia,1993,
Croatia,1994,
Croatia,1995,
Croatia,1996,
Croatia,1997,
Croatia,1998,
Croatia,1999,
Croatia,2000,
Croatia,2001,98.2
Croatia,2002,
Croatia,2003,
Croatia,2004,
Croatia,2005,
Croatia,2006,
Croatia,2007,
Croatia,2008,
Croatia,2009,
Croatia,2010,
Croatia,2011,98.9
Cuba,1975,
Cuba,1976,
Cuba,1977,
Cuba,1978,
Cuba,1979,
Cuba,1980,
Cuba,1981,97.8
Cuba,1982,
Cuba,1983,
Cuba,1984,
Cuba,1985,
Cuba,1986,
Cuba,1987,
Cuba,1988,
Cuba,1989,
Cuba,1990,
Cuba,1991,
Cuba,1992,
Cuba,1993,
Cuba,1994,
Cuba,1995,
Cuba,1996,
Cuba,1997,
Cuba,1998,
Cuba,1999,
Cuba,2000,
Cuba,2001,
Cuba,2002,99.8
Cuba,2003,
Cuba,2004,
Cuba,2005,
Cuba,2006,
Cuba,2007,
Cuba,2008,
Cuba,2009,
Cuba,2010,
Cuba,2011,99.8
Cyprus,1975,
Cyprus,1976,
Cyprus,1977,
Cyprus,1978,
Cyprus,1979,
Cyprus,1980,
Cyprus,1981,
Cyprus,1982,
Cyprus,1983,
Cyprus,1984,
Cyprus,1985,
Cyprus,1986,
Cyprus,1987,
Cyprus,1988,
Cyprus,1989,
Cyprus,1990,
Cyprus,1991,
Cyprus,1992,94.4
Cyprus,1993,
Cyprus,1994,
Cyprus,1995,
Cyprus,1996,
Cyprus,1997,
Cyprus,1998,
Cyprus,1999,
Cyprus,2000,
Cyprus,2001,96.8
Cyprus,2002,
Cyprus,2003,
Cyprus,2004,
Cyprus,2005,
Cyprus,2006,
Cyprus,2007,
Cyprus,2008,
Cyprus,2009,
Cyprus,2010,
Cyprus,2011,98.7
Dominican Republic,1975,
Dominican Republic,1976,
Dominican Republic,1977,
Dominican Republic,1978,
Dominican Republic,1979,
Dominican Republic,1980,
Dominican Republic,1981,73.1
Dominican Republic,1982,
Dominican Republic,1983,
Dominican Republic,1984,
Dominican Republic,1985,
Dominican Republic,1986,
Dominican Republic,1987,
Dominican Republic,1988,
Dominican Republic,1989,
Dominican Republic,1990,
Dominican Republic,1991,
Dominican Republic,1992,
Dominican Republic,1993,
Dominican Republic,1994,
Dominican Republic,1995,
Dominican Republic,1996,
Dominican Republic,1997,
Dominican Republic,1998,
Dominican Republic,1999,
Dominican Republic,2000,
Dominican Republic,2001,
Dominican Republic,2002,87.0
Dominican Republic,2003,
Dominican Republic,2004,
Dominican Republic,2005,
Dominican Republic,2006,
Dominican Republic,2007,88.2
Dominican Republic,2008,
Dominican Republic,2009,
Dominican Republic,2010,89.5
Dominican Republic,2011,90.1
Ecuador,1975,
Ecuador,1976,
Ecuador,1977,
Ecuador,1978,
Ecuador,1979,
Ecuador,1980,
Ecuador,1981,
Ecuador,1982,83.5
Ecuador,1983,
Ecuador,1984,
Ecuador,1985,
Ecuador,1986,
Ecuador,1987,
Ecuador,1988,
Ecuador,1989,
Ecuador,1990,88.3
Ecuador,1991,
Ecuador,1992,
Ecuador,1993,
Ecuador,1994,
Ecuador,1995,
Ecuador,1996,
Ecuador,1997,
Ecuador,1998,
Ecuador,1999,
Ecuador,2000,
Ecuador,2001,91.0
Ecuador,2002,
Ecuador,2003,
Ecuador,2004,
Ecuador,2005,
Ecuador,2006,
Ecuador,2007,84.2
Ecuador,2008,
Ecuador,2009,84.2
Ecuador,2010,91.8
Ecuador,2011,91.6
Egypt,1975,
Egypt,1976,38.2
Egypt,1977,
Egypt,1978,
Egypt,1979,
Egypt,1980,
Egypt,1981,
Egypt,1982,
Egypt,1983,
Egypt,1984,
Egypt,1985,
Egypt,1986,44.4
Egypt,1987,
Egypt,1988,
Egypt,1989,
Egypt,1990,
Egypt,1991,
Egypt,1992,
Egypt,1993,
Egypt,1994,
Egypt,1995,
Egypt,1996,55.6
Egypt,1997,
Egypt,1998,
Egypt,1999,
Egypt,2000,
Egypt,2001,
Egypt,2002,
Egypt,2003,
Egypt,2004,
Egypt,2005,71.4
Egypt,2006,66.4
Egypt,2007,
Egypt,2008,
Egypt,2009,
Egypt,2010,72.0
Egypt,2011,73.0
El Salvador,1975,
El Salvador,1976,
El Salvador,1977,
El Salvador,1978,
El Salvador,1979,
El Salvador,1980,
El Salvador,1981,
El Salvador,1982,
El Salvador,1983,
El Salvador,1984,
El Salvador,1985,
El Salvador,1986,
El Salvador,1987,
El Salvador,1988,
El Salvador,1989,
El Salvador,1990,
El Salvador,1991,
El Salvador,1992,74.1
El Salvador,1993,
El Salvador,1994,
El Salvador,1995,
El Salvador,1996,
El Salvador,1997,
El Salvador,1998,
El Salvador,1999,
El Salvador,2000,
El Salvador,2001,
El Salvador,2002,
El Salvador,2003,
El Salvador,2004,79.8
El Salvador,2005,
El Salvador,2006,83.6
El Salvador,2007,82.0
El Salvador,2008,84.0
El Salvador,2009,84.1
El Salvador,2010,84.5
El Salvador,2011,
Equatorial Guinea,1975,
Equatorial Guinea,1976,
Equatorial Guinea,1977,
Equatorial Guinea,1978,
Equatorial Guinea,1979,
Equatorial Guinea,1980,
Equatorial Guinea,1981,
Equatorial Guinea,1982,
Equatorial Guinea,1983,
Equatorial Guinea,1984,
Equatorial Guinea,1985,
Equatorial Guinea,1986,
Equatorial Guinea,1987,
Equatorial Guinea,1988,
Equatorial Guinea,1989,
Equatorial Guinea,1990,
Equatorial Guinea,1991,
Equatorial Guinea,1992,
Equatorial Guinea,1993,
Equatorial Guinea,1994,
Equatorial Guinea,1995,
Equatorial Guinea,1996,
Equatorial Guinea,1997,
Equatorial Guinea,1998,
Equatorial Guinea,1999,
Equatorial Guinea,2000,88.3
Equatorial Guinea,2001,
Equatorial Guinea,2002,
Equatorial Guinea,2003,
Equatorial Guinea,2004,
Equatorial Guinea,2005,
Equatorial Guinea,2006,
Equatorial Guinea,2007,
Equatorial Guinea,2008,
Equatorial Guinea,2009,
Equatorial Guinea,2010,
Equatorial Guinea,2011,94.2
Eritrea,1975,
Eritrea,1976,
Eritrea,1977,
Eritrea,1978,
Eritrea,1979,
Eritrea,1980,
Eritrea,1981,
Eritrea,1982,
Eritrea,1983,
Eritrea,1984,
Eritrea,1985,
Eritrea,1986,
Eritrea,1987,
Eritrea,1988,
Eritrea,1989,
Eritrea,1990,
Eritrea,1991,
Eritrea,1992,
Eritrea,1993,
Eritrea,1994,
Eritrea,1995,
Eritrea,1996,
Eritrea,1997,
Eritrea,1998,
Eritrea,1999,
Eritrea,2000,
Eritrea,2001,
Eritrea,2002,52.5
Eritrea,2003,
Eritrea,2004,
Eritrea,2005,
Eritrea,2006,
Eritrea,2007,
Eritrea,2008,
Eritrea,2009,
Eritrea,2010,
Eritrea,2011,68.9
Estonia,1975,
Estonia,1976,
Estonia,1977,
Estonia,1978,
Estonia,1979,
Estonia,1980,
Estonia,1981,
Estonia,1982,
Estonia,1983,
Estonia,1984,
Estonia,1985,
Estonia,1986,
Estonia,1987,
Estonia,1988,
Estonia,1989,99.7
Estonia,1990,
Estonia,1991,
Estonia,1992,
Estonia,1993,
Estonia,1994,
Estonia,1995,
Estonia,1996,
Estonia,1997,
Estonia,1998,
Estonia,1999,
Estonia,2000,99.8
Estonia,2001,
Estonia,2002,
Estonia,2003,
Estonia,2004,
Estonia,2005,
Estonia,2006,
Estonia,2007,
Estonia,2008,
Estonia,2009,
Estonia,2010,
Estonia,2011,99.8
Ethiopia,1975,
Ethiopia,1976,
Ethiopia,1977,
Ethiopia,1978,
Ethiopia,1979,
Ethiopia,1980,
Ethiopia,1981,
Ethiopia,1982,
Ethiopia,1983,
Ethiopia,1984,
Ethiopia,1985,
Ethiopia,1986,
Ethiopia,1987,
Ethiopia,1988,
Ethiopia,1989,
Ethiopia,1990,
Ethiopia,1991,
Ethiopia,1992,
Ethiopia,1993,
Ethiopia,1994,27.0
Ethiopia,1995,
Ethiopia,1996,
Ethiopia,1997,
Ethiopia,1998,
Ethiopia,1999,
Ethiopia,2000,
Ethiopia,2001,
Ethiopia,2002,
Ethiopia,2003,
Ethiopia,2004,35.9
Ethiopia,2005,29.8
Ethiopia,2006,
Ethiopia,2007,39.0
Ethiopia,2008,
Ethiopia,2009,
Ethiopia,2010,
Ethiopia,2011,
Gabon,1975,
Gabon,1976,
Gabon,1977,
Gabon,1978,
Gabon,1979,
Gabon,1980,
Gabon,1981,
Gabon,1982,
Gabon,1983,
Gabon,1984,
Gabon,1985,
Gabon,1986,
Gabon,1987,
Gabon,1988,
Gabon,1989,
Gabon,1990,
Gabon,1991,
Gabon,1992,
Gabon,1993,72.2
Gabon,1994,
Gabon,1995,
Gabon,1996,
Gabon,1997,
Gabon,1998,
Gabon,1999,
Gabon,2000,
Gabon,2001,
Gabon,2002,
Gabon,2003,
Gabon,2004,83.8
Gabon,2005,
Gabon,2006,
Gabon,2007,
Gabon,2008,
Gabon,2009,
Gabon,2010,
Gabon,2011,89.0
Gambia,1975,
Gambia,1976,
Gambia,1977,
Gambia,1978,
Gambia,1979,
Gambia,1980,
Gambia,1981,
Gambia,1982,
Gambia,1983,
Gambia,1984,
Gambia,1985,
Gambia,1986,
Gambia,1987,
Gambia,1988,
Gambia,1989,
Gambia,1990,
Gambia,1991,
Gambia,1992,
Gambia,1993,
Gambia,1994,
Gambia,1995,
Gambia,1996,
Gambia,1997,
Gambia,1998,
Gambia,1999,
Gambia,2000,36.8
Gambia,2001,
Gambia,2002,
Gambia,2003,
Gambia,2004,
Gambia,2005,
Gambia,2006,
Gambia,2007,
Gambia,2008,
Gambia,2009,
Gambia,2010,
Gambia,2011,51.1
Georgia,1975,
Georgia,1976,
Georgia,1977,
Georgia,1978,
Georgia,1979,
Georgia,1980,
Georgia,1981,
Georgia,1982,
Georgia,1983,
Georgia,1984,
Georgia,1985,
Georgia,1986,
Georgia,1987,
Georgia,1988,
Georgia,1989,
Georgia,1990,
Georgia,1991,
Georgia,1992,
Georgia,1993,
Georgia,1994,
Georgia,1995,
Georgia,1996,
Georgia,1997,
Georgia,1998,
Georgia,1999,
Georgia,2000,
Georgia,2001,
Georgia,2002,99.7
Georgia,2003,
Georgia,2004,
Georgia,2005,
Georgia,2006,
Georgia,2007,
Georgia,2008,
Georgia,2009,
Georgia,2010,
Georgia,2011,99.7
Ghana,1975,
Ghana,1976,
Ghana,1977,
Ghana,1978,
Ghana,1979,
Ghana,1980,
Ghana,1981,
Ghana,1982,
Ghana,1983,
Ghana,1984,
Ghana,1985,
Ghana,1986,
Ghana,1987,
Ghana,1988,
Ghana,1989,
Ghana,1990,
Ghana,1991,
Ghana,1992,
Ghana,1993,
Ghana,1994,
Ghana,1995,
Ghana,1996,
Ghana,1997,
Ghana,1998,
Ghana,1999,
Ghana,2000,57.9
Ghana,2001,
Ghana,2002,
Ghana,2003,
Ghana,2004,
Ghana,2005,
Ghana,2006,
Ghana,2007,
Ghana,2008,
Ghana,2009,
Ghana,2010,71.5
Ghana,2011,
Greece,1975,
Greece,1976,
Greece,1977,
Greece,1978,
Greece,1979,
Greece,1980,
Greece,1981,90.5
Greece,1982,
Greece,1983,
Greece,1984,
Greece,1985,
Greece,1986,
Greece,1987,
Greece,1988,
Greece,1989,
Greece,1990,
Greece,1991,92.6
Greece,1992,
Greece,1993,
Greece,1994,
Greece,1995,
Greece,1996,
Greece,1997,
Greece,1998,
Greece,1999,
Greece,2000,
Greece,2001,96.0
Greece,2002,
Greece,2003,
Greece,2004,
Greece,2005,
Greece,2006,
Greece,2007,
Greece,2008,
Greece,2009,
Greece,2010,
Greece,2011,97.3
Guatemala,1975,
Guatemala,1976,
Guatemala,1977,
Guatemala,1978,
Guatemala,1979,
Guatemala,1980,
Guatemala,1981,
Guatemala,1982,
Guatemala,1983,
Guatemala,1984,
Guatemala,1985,
Guatemala,1986,
Guatemala,1987,
Guatemala,1988,
Guatemala,1989,
Guatemala,1990,
Guatemala,1991,
Guatemala,1992,
Guatemala,1993,
Guatemala,1994,64.2
Guatemala,1995,
Guatemala,1996,
Guatemala,1997,
Guatemala,1998,
Guatemala,1999,
Guatemala,2000,
Guatemala,2001,
Guatemala,2002,69.1
Guatemala,2003,
Guatemala,2004,
Guatemala,2005,
Guatemala,2006,
Guatemala,2007,
Guatemala,2008,
Guatemala,2009,
Guatemala,2010,
Guatemala,2011,75.9
Guinea,1975,
Guinea,1976,
Guinea,1977,
Guinea,1978,
Guinea,1979,
Guinea,1980,
Guinea,1981,
Guinea,1982,
Guinea,1983,
Guinea,1984,
Guinea,1985,
Guinea,1986,
Guinea,1987,
Guinea,1988,
Guinea,1989,
Guinea,1990,
Guinea,1991,
Guinea,1992,
Guinea,1993,
Guinea,1994,
Guinea,1995,
Guinea,1996,20.6
Guinea,1997,
Guinea,1998,
Guinea,1999,
Guinea,2000,
Guinea,2001,
Guinea,2002,
Guinea,2003,29.7
Guinea,2004,
Guinea,2005,
Guinea,2006,
Guinea,2007,
Guinea,2008,
Guinea,2009,
Guinea,2010,25.3
Guinea,2011,
Guinea-Bissau,1975,
Guinea-Bissau,1976,
Guinea-Bissau,1977,
Guinea-Bissau,1978,
Guinea-Bissau,1979,20.0
Guinea-Bissau,1980,
Guinea-Bissau,1981,
Guinea-Bissau,1982,
Guinea-Bissau,1983,
Guinea-Bissau,1984,
Guinea-Bissau,1985,
Guinea-Bissau,1986,
Guinea-Bissau,1987,
Guinea-Bissau,1988,
Guinea-Bissau,1989,
Guinea-Bissau,1990,
Guinea-Bissau,1991,
Guinea-Bissau,1992,
Guinea-Bissau,1993,
Guinea-Bissau,1994,
Guinea-Bissau,1995,
Guinea-Bissau,1996,
Guinea-Bissau,1997,
Guinea-Bissau,1998,
Guinea-Bissau,1999,
Guinea-Bissau,2000,41.4
Guinea-Bissau,2001,
Guinea-Bissau,2002,
Guinea-Bissau,2003,
Guinea-Bissau,2004,
Guinea-Bissau,2005,
Guinea-Bissau,2006,
Guinea-Bissau,2007,
Guinea-Bissau,2008,
Guinea-Bissau,2009,
Guinea-Bissau,2010,
Guinea-Bissau,2011,55.3
Guyana,1975,
Guyana,1976,
Guyana,1977,
Guyana,1978,
Guyana,1979,
Guyana,1980,
Guyana,1981,
Guyana,1982,
Guyana,1983,
Guyana,1984,
Guyana,1985,
Guyana,1986,
Guyana,1987,
Guyana,1988,
Guyana,1989,
Guyana,1990,
Guyana,1991,
Guyana,1992,
Guyana,1993,
Guyana,1994,
Guyana,1995,
Guyana,1996,
Guyana,1997,
Guyana,1998,
Guyana,1999,
Guyana,2000,
Guyana,2001,
Guyana,2002,
Guyana,2003,
Guyana,2004,
Guyana,2005,
Guyana,2006,
Guyana,2007,
Guyana,2008,
Guyana,2009,85.0
Guyana,2010,
Guyana,2011,
Haiti,1975,
Haiti,1976,
Haiti,1977,
Haiti,1978,
Haiti,1979,
Haiti,1980,
Haiti,1981,
Haiti,1982,34.7
Haiti,1983,
Haiti,1984,
Haiti,1985,
Haiti,1986,
Haiti,1987,
Haiti,1988,
Haiti,1989,
Haiti,1990,
Haiti,1991,
Haiti,1992,
Haiti,1993,
Haiti,1994,
Haiti,1995,
Haiti,1996,
Haiti,1997,
Haiti,1998,
Haiti,1999,
Haiti,2000,
Haiti,2001,
Haiti,2002,
Haiti,2003,58.7
Haiti,2004,
Haiti,2005,
Haiti,2006,48.7
Haiti,2007,
Haiti,2008,
Haiti,2009,
Haiti,2010,
Haiti,2011,
Honduras,1975,
Honduras,1976,
Honduras,1977,
Honduras,1978,
Honduras,1979,
Honduras,1980,
Honduras,1981,
Honduras,1982,
Honduras,1983,
Honduras,1984,
Honduras,1985,
Honduras,1986,
Honduras,1987,
Honduras,1988,
Honduras,1989,
Honduras,1990,
Honduras,1991,
Honduras,1992,
Honduras,1993,
Honduras,1994,
Honduras,1995,
Honduras,1996,
Honduras,1997,
Honduras,1998,
Honduras,1999,
Honduras,2000,
Honduras,2001,80.0
Honduras,2002,
Honduras,2003,
Honduras,2004,
Honduras,2005,
Honduras,2006,
Honduras,2007,83.6
Honduras,2008,
Honduras,2009,
Honduras,2010,84.8
Honduras,2011,85.1
Hungary,1975,
Hungary,1976,
Hungary,1977,
Hungary,1978,
Hungary,1979,
Hungary,1980,98.9
Hungary,1981,
Hungary,1982,
Hungary,1983,
Hungary,1984,
Hungary,1985,
Hungary,1986,
Hungary,1987,
Hungary,1988,
Hungary,1989,
Hungary,1990,
Hungary,1991,
Hungary,1992,
Hungary,1993,
Hungary,1994,99.0
Hungary,1995,
Hungary,1996,
Hungary,1997,
Hungary,1998,
Hungary,1999,
Hungary,2000,
Hungary,2001,
Hungary,2002,
Hungary,2003,
Hungary,2004,99.0
Hungary,2005,
Hungary,2006,
Hungary,2007,
Hungary,2008,
Hungary,2009,
Hungary,2010,
Hungary,2011,99.0
India,1975,
India,1976,
India,1977,
India,1978,
India,1979,
India,1980,
India,1981,40.8
India,1982,
India,1983,
India,1984,
India,1985,
India,1986,
India,1987,
India,1988,
India,1989,
India,1990,
India,1991,48.2
India,1992,
India,1993,
India,1994,
India,1995,
India,1996,
India,1997,
India,1998,
India,1999,
India,2000,
India,2001,61.0
India,2002,
India,2003,
India,2004,
India,2005,
India,2006,62.8
India,2007,
India,2008,
India,2009,
India,2010,
India,2011,62.8
Indonesia,1975,
Indonesia,1976,
Indonesia,1977,
Indonesia,1978,
Indonesia,1979,
Indonesia,1980,67.3
Indonesia,1981,
Indonesia,1982,
Indonesia,1983,
Indonesia,1984,
Indonesia,1985,
Indonesia,1986,
Indonesia,1987,
Indonesia,1988,
Indonesia,1989,
Indonesia,1990,81.5
Indonesia,1991,
Indonesia,1992,
Indonesia,1993,
Indonesia,1994,
Indonesia,1995,
Indonesia,1996,
Indonesia,1997,
Indonesia,1998,
Indonesia,1999,
Indonesia,2000,
Indonesia,2001,
Indonesia,2002,
Indonesia,2003,
Indonesia,2004,90.4
Indonesia,2005,
Indonesia,2006,92.0
Indonesia,2007,
Indonesia,2008,92.2
Indonesia,2009,92.6
Indonesia,2010,
Indonesia,2011,92.8
Iran,1975,
Iran,1976,36.5
Iran,1977,
Iran,1978,
Iran,1979,
Iran,1980,
Iran,1981,
Iran,1982,
Iran,1983,
Iran,1984,
Iran,1985,
Iran,1986,52.3
Iran,1987,
Iran,1988,
Iran,1989,
Iran,1990,
Iran,1991,65.5
Iran,1992,
Iran,1993,
Iran,1994,
Iran,1995,
Iran,1996,73.1
Iran,1997,
Iran,1998,
Iran,1999,
Iran,2000,
Iran,2001,
Iran,2002,77.0
Iran,2003,
Iran,2004,
Iran,2005,82.4
Iran,2006,82.3
Iran,2007,
Iran,2008,85.0
Iran,2009,
Iran,2010,
Iran,2011,
Iraq,1975,
Iraq,1976,
Iraq,1977,
Iraq,1978,
Iraq,1979,
Iraq,1980,
Iraq,1981,
Iraq,1982,
Iraq,1983,
Iraq,1984,
Iraq,1985,
Iraq,1986,
Iraq,1987,
Iraq,1988,
Iraq,1989,
Iraq,1990,
Iraq,1991,
Iraq,1992,
Iraq,1993,
Iraq,1994,
Iraq,1995,
Iraq,1996,
Iraq,1997,
Iraq,1998,
Iraq,1999,
Iraq,2000,74.0
Iraq,2001,
Iraq,2002,
Iraq,2003,
Iraq,2004,
Iraq,2005,
Iraq,2006,
Iraq,2007,
Iraq,2008,
Iraq,2009,
Iraq,2010,
Iraq,2011,78.5
Israel,1975,
Israel,1976,
Israel,1977,
Israel,1978,
Israel,1979,
Israel,1980,
Israel,1981,
Israel,1982,
Israel,1983,91.8
Israel,1984,
Israel,1985,
Israel,1986,
Israel,1987,
Israel,1988,
Israel,1989,
Israel,1990,
Israel,1991,
Israel,1992,
Israel,1993,
Israel,1994,
Israel,1995,
Israel,1996,
Israel,1997,
Israel,1998,
Israel,1999,
Israel,2000,
Israel,2001,
Israel,2002,
Israel,2003,
Israel,2004,
Israel,2005,
Israel,2006,
Israel,2007,
Israel,2008,
Israel,2009,
Israel,2010,
Israel,2011,
Italy,1975,
Italy,1976,
Italy,1977,
Italy,1978,
Italy,1979,
Italy,1980,
Italy,1981,96.5
Italy,1982,
Italy,1983,
Italy,1984,
Italy,1985,
Italy,1986,
Italy,1987,
Italy,1988,
Italy,1989,
Italy,1990,
Italy,1991,
Italy,1992,
Italy,1993,
Italy,1994,
Italy,1995,
Italy,1996,
Italy,1997,
Italy,1998,
Italy,1999,
Italy,2000,
Italy,2001,98.4
Italy,2002,
Italy,2003,
Italy,2004,
Italy,2005,
Italy,2006,
Italy,2007,
Italy,2008,
Italy,2009,
Italy,2010,
Italy,2011,99.0
Jamaica,1975,
Jamaica,1976,
Jamaica,1977,
Jamaica,1978,
Jamaica,1979,
Jamaica,1980,
Jamaica,1981,
Jamaica,1982,
Jamaica,1983,
Jamaica,1984,
Jamaica,1985,
Jamaica,1986,
Jamaica,1987,
Jamaica,1988,
Jamaica,1989,
Jamaica,1990,
Jamaica,1991,
Jamaica,1992,
Jamaica,1993,
Jamaica,1994,
Jamaica,1995,
Jamaica,1996,
Jamaica,1997,
Jamaica,1998,
Jamaica,1999,79.9
Jamaica,2000,
Jamaica,2001,
Jamaica,2002,
Jamaica,2003,
Jamaica,2004,
Jamaica,2005,
Jamaica,2006,
Jamaica,2007,
Jamaica,2008,
Jamaica,2009,
Jamaica,2010,
Jamaica,2011,87.0
Jordan,1975,
Jordan,1976,
Jordan,1977,
Jordan,1978,
Jordan,1979,66.8
Jordan,1980,
Jordan,1981,
Jordan,1982,
Jordan,1983,
Jordan,1984,
Jordan,1985,
Jordan,1986,
Jordan,1987,
Jordan,1988,
Jordan,1989,
Jordan,1990,
Jordan,1991,
Jordan,1992,
Jordan,1993,
Jordan,1994,
Jordan,1995,
Jordan,1996,
Jordan,1997,
Jordan,1998,
Jordan,1999,
Jordan,2000,
Jordan,2001,
Jordan,2002,
Jordan,2003,89.9
Jordan,2004,
Jordan,2005,91.1
Jordan,2006,
Jordan,2007,92.2
Jordan,2008,
Jordan,2009,
Jordan,2010,92.5
Jordan,2011,95.9
Kazakhstan,1975,
Kazakhstan,1976,
Kazakhstan,1977,
Kazakhstan,1978,
Kazakhstan,1979,
Kazakhstan,1980,
Kazakhstan,1981,
Kazakhstan,1982,
Kazakhstan,1983,
Kazakhstan,1984,
Kazakhstan,1985,
Kazakhstan,1986,
Kazakhstan,1987,
Kazakhstan,1988,
Kazakhstan,1989,97.5
Kazakhstan,1990,
Kazakhstan,1991,
Kazakhstan,1992,
Kazakhstan,1993,
Kazakhstan,1994,
Kazakhstan,1995,
Kazakhstan,1996,
Kazakhstan,1997,
Kazakhstan,1998,
Kazakhstan,1999,99.5
Kazakhstan,2000,
Kazakhstan,2001,
Kazakhstan,2002,
Kazakhstan,2003,
Kazakhstan,2004,
Kazakhstan,2005,
Kazakhstan,2006,
Kazakhstan,2007,
Kazakhstan,2008,
Kazakhstan,2009,99.7
Kazakhstan,2010,
Kazakhstan,2011,
Kenya,1975,
Kenya,1976,
Kenya,1977,
Kenya,1978,
Kenya,1979,
Kenya,1980,
Kenya,1981,
Kenya,1982,
Kenya,1983,
Kenya,1984,
Kenya,1985,
Kenya,1986,
Kenya,1987,
Kenya,1988,
Kenya,1989,
Kenya,1990,
Kenya,1991,
Kenya,1992,
Kenya,1993,
Kenya,1994,
Kenya,1995,
Kenya,1996,
Kenya,1997,
Kenya,1998,
Kenya,1999,
Kenya,2000,82.2
Kenya,2001,
Kenya,2002,
Kenya,2003,
Kenya,2004,
Kenya,2005,
Kenya,2006,
Kenya,2007,72.2
Kenya,2008,
Kenya,2009,
Kenya,2010,
Kenya,2011,
Kuwait,1975,59.6
Kuwait,1976,
Kuwait,1977,
Kuwait,1978,
Kuwait,1979,
Kuwait,1980,67.5
Kuwait,1981,
Kuwait,1982,
Kuwait,1983,
Kuwait,1984,
Kuwait,1985,74.5
Kuwait,1986,
Kuwait,1987,
Kuwait,1988,
Kuwait,1989,
Kuwait,1990,
Kuwait,1991,
Kuwait,1992,
Kuwait,1993,
Kuwait,1994,
Kuwait,1995,78.4
Kuwait,1996,
Kuwait,1997,
Kuwait,1998,
Kuwait,1999,
Kuwait,2000,
Kuwait,2001,
Kuwait,2002,
Kuwait,2003,
Kuwait,2004,
Kuwait,2005,93.3
Kuwait,2006,93.3
Kuwait,2007,93.7
Kuwait,2008,93.9
Kuwait,2009,
Kuwait,2010,
Kuwait,2011,
Kyrgyz Republic,1975,
Kyrgyz Republic,1976,
Kyrgyz Republic,1977,
Kyrgyz Republic,1978,
Kyrgyz Republic,1979,
Kyrgyz Republic,1980,
Kyrgyz Republic,1981,
Kyrgyz Republic,1982,
Kyrgyz Republic,1983,
Kyrgyz Republic,1984,
Kyrgyz Republic,1985,
Kyrgyz Republic,1986,
Kyrgyz Republic,1987,
Kyrgyz Republic,1988,
Kyrgyz Republic,1989,
Kyrgyz Republic,1990,
Kyrgyz Republic,1991,
Kyrgyz Republic,1992,
Kyrgyz Republic,1993,
Kyrgyz Republic,1994,
Kyrgyz Republic,1995,
Kyrgyz Republic,1996,
Kyrgyz Republic,1997,
Kyrgyz Republic,1998,
Kyrgyz Republic,1999,98.7
Kyrgyz Republic,2000,
Kyrgyz Republic,2001,
Kyrgyz Republic,2002,
Kyrgyz Republic,2003,
Kyrgyz Republic,2004,
Kyrgyz Republic,2005,
Kyrgyz Republic,2006,
Kyrgyz Republic,2007,
Kyrgyz Republic,2008,
Kyrgyz Republic,2009,99.2
Kyrgyz Republic,2010,
Kyrgyz Republic,2011,
Lao,1975,
Lao,1976,
Lao,1977,
Lao,1978,
Lao,1979,
Lao,1980,
Lao,1981,
Lao,1982,
Lao,1983,
Lao,1984,
Lao,1985,
Lao,1986,
Lao,1987,
Lao,1988,
Lao,1989,
Lao,1990,
Lao,1991,
Lao,1992,
Lao,1993,
Lao,1994,
Lao,1995,60.3
Lao,1996,
Lao,1997,
Lao,1998,
Lao,1999,
Lao,2000,69.6
Lao,2001,68.7
Lao,2002,
Lao,2003,
Lao,2004,
Lao,2005,72.7
Lao,2006,
Lao,2007,
Lao,2008,
Lao,2009,
Lao,2010,
Lao,2011,
Latvia,1975,
Latvia,1976,
Latvia,1977,
Latvia,1978,
Latvia,1979,
Latvia,1980,
Latvia,1981,
Latvia,1982,
Latvia,1983,
Latvia,1984,
Latvia,1985,
Latvia,1986,
Latvia,1987,
Latvia,1988,
Latvia,1989,99.5
Latvia,1990,
Latvia,1991,
Latvia,1992,
Latvia,1993,
Latvia,1994,
Latvia,1995,
Latvia,1996,
Latvia,1997,
Latvia,1998,
Latvia,1999,
Latvia,2000,99.8
Latvia,2001,
Latvia,2002,
Latvia,2003,
Latvia,2004,
Latvia,2005,
Latvia,2006,
Latvia,2007,
Latvia,2008,
Latvia,2009,
Latvia,2010,
Latvia,2011,99.8
Lebanon,1975,
Lebanon,1976,
Lebanon,1977,
Lebanon,1978,
Lebanon,1979,
Lebanon,1980,
Lebanon,1981,
Lebanon,1982,
Lebanon,1983,
Lebanon,1984,
Lebanon,1985,
Lebanon,1986,
Lebanon,1987,
Lebanon,1988,
Lebanon,1989,
Lebanon,1990,
Lebanon,1991,
Lebanon,1992,
Lebanon,1993,
Lebanon,1994,
Lebanon,1995,
Lebanon,1996,
Lebanon,1997,
Lebanon,1998,
Lebanon,1999,
Lebanon,2000,
Lebanon,2001,
Lebanon,2002,
Lebanon,2003,
Lebanon,2004,
Lebanon,2005,
Lebanon,2006,
Lebanon,2007,89.6
Lebanon,2008,
Lebanon,2009,
Lebanon,2010,
Lebanon,2011,
Lesotho,1975,
Lesotho,1976,
Lesotho,1977,
Lesotho,1978,
Lesotho,1979,
Lesotho,1980,
Lesotho,1981,
Lesotho,1982,
Lesotho,1983,
Lesotho,1984,
Lesotho,1985,
Lesotho,1986,
Lesotho,1987,
Lesotho,1988,
Lesotho,1989,
Lesotho,1990,
Lesotho,1991,
Lesotho,1992,
Lesotho,1993,
Lesotho,1994,
Lesotho,1995,
Lesotho,1996,
Lesotho,1997,
Lesotho,1998,
Lesotho,1999,
Lesotho,2000,86.3
Lesotho,2001,
Lesotho,2002,
Lesotho,2003,
Lesotho,2004,
Lesotho,2005,
Lesotho,2006,
Lesotho,2007,
Lesotho,2008,
Lesotho,2009,75.8
Lesotho,2010,
Lesotho,2011,
Liberia,1975,
Liberia,1976,
Liberia,1977,
Liberia,1978,
Liberia,1979,
Liberia,1980,
Liberia,1981,
Liberia,1982,
Liberia,1983,
Liberia,1984,32.1
Liberia,1985,
Liberia,1986,
Liberia,1987,
Liberia,1988,
Liberia,1989,
Liberia,1990,
Liberia,1991,
Liberia,1992,
Liberia,1993,
Liberia,1994,43.5
Liberia,1995,
Liberia,1996,
Liberia,1997,
Liberia,1998,
Liberia,1999,
Liberia,2000,
Liberia,2001,
Liberia,2002,
Liberia,2003,
Liberia,2004,54.8
Liberia,2005,
Liberia,2006,
Liberia,2007,42.9
Liberia,2008,
Liberia,2009,
Liberia,2010,
Liberia,2011,
Libya,1975,
Libya,1976,
Libya,1977,
Libya,1978,
Libya,1979,
Libya,1980,
Libya,1981,
Libya,1982,
Libya,1983,
Libya,1984,60.2
Libya,1985,
Libya,1986,
Libya,1987,
Libya,1988,
Libya,1989,
Libya,1990,
Libya,1991,
Libya,1992,
Libya,1993,
Libya,1994,77.2
Libya,1995,
Libya,1996,
Libya,1997,
Libya,1998,
Libya,1999,
Libya,2000,
Libya,2001,
Libya,2002,
Libya,2003,
Libya,2004,86.1
Libya,2005,
Libya,2006,
Libya,2007,
Libya,2008,
Libya,2009,
Libya,2010,
Libya,2011,89.5
Lithuania,1975,
Lithuania,1976,
Lithuania,1977,
Lithuania,1978,
Lithuania,1979,
Lithuania,1980,
Lithuania,1981,
Lithuania,1982,
Lithuania,1983,
Lithuania,1984,
Lithuania,1985,
Lithuania,1986,
Lithuania,1987,
Lithuania,1988,
Lithuania,1989,98.4
Lithuania,1990,
Lithuania,1991,
Lithuania,1992,
Lithuania,1993,
Lithuania,1994,
Lithuania,1995,
Lithuania,1996,
Lithuania,1997,
Lithuania,1998,
Lithuania,1999,
Lithuania,2000,
Lithuania,2001,99.7
Lithuania,2002,
Lithuania,2003,
Lithuania,2004,
Lithuania,2005,
Lithuania,2006,
Lithuania,2007,
Lithuania,2008,
Lithuania,2009,
Lithuania,2010,
Lithuania,2011,99.7
"Macedonia, FYR",1975,
"Macedonia, FYR",1976,
"Macedonia, FYR",1977,
"Macedonia, FYR",1978,
"Macedonia, FYR",1979,
"Macedonia, FYR",1980,
"Macedonia, FYR",1981,
"Macedonia, FYR",1982,
"Macedonia, FYR",1983,
"Macedonia, FYR",1984,
"Macedonia, FYR",1985,
"Macedonia, FYR",1986,
"Macedonia, FYR",1987,
"Macedonia, FYR",1988,
"Macedonia, FYR",1989,
"Macedonia, FYR",1990,
"Macedonia, FYR",1991,
"Macedonia, FYR",1992,
"Macedonia, FYR",1993,
"Macedonia, FYR",1994,94.1
"Macedonia, FYR",1995,
"Macedonia, FYR",1996,
"Macedonia, FYR",1997,
"Macedonia, FYR",1998,
"Macedonia, FYR",1999,
"Macedonia, FYR",2000,
"Macedonia, FYR",2001,
"Macedonia, FYR",2002,96.1
"Macedonia, FYR",2003,
"Macedonia, FYR",2004,
"Macedonia, FYR",2005,
"Macedonia, FYR",2006,
"Macedonia, FYR",2007,
"Macedonia, FYR",2008,
"Macedonia, FYR",2009,
"Macedonia, FYR",2010,
"Macedonia, FYR",2011,97.4
Madagascar,1975,
Madagascar,1976,
Madagascar,1977,
Madagascar,1978,
Madagascar,1979,
Madagascar,1980,
Madagascar,1981,
Madagascar,1982,
Madagascar,1983,
Madagascar,1984,
Madagascar,1985,
Madagascar,1986,
Madagascar,1987,
Madagascar,1988,
Madagascar,1989,
Madagascar,1990,
Madagascar,1991,
Madagascar,1992,
Madagascar,1993,
Madagascar,1994,
Madagascar,1995,
Madagascar,1996,
Madagascar,1997,
Madagascar,1998,
Madagascar,1999,
Madagascar,2000,70.7
Madagascar,2001,
Madagascar,2002,
Madagascar,2003,
Madagascar,2004,
Madagascar,2005,
Madagascar,2006,
Madagascar,2007,
Madagascar,2008,
Madagascar,2009,64.5
Madagascar,2010,
Madagascar,2011,
Malawi,1975,
Malawi,1976,
Malawi,1977,
Malawi,1978,
Malawi,1979,
Malawi,1980,
Malawi,1981,
Malawi,1982,
Malawi,1983,
Malawi,1984,
Malawi,1985,
Malawi,1986,
Malawi,1987,48.5
Malawi,1988,
Malawi,1989,
Malawi,1990,
Malawi,1991,
Malawi,1992,
Malawi,1993,
Malawi,1994,
Malawi,1995,
Malawi,1996,
Malawi,1997,
Malawi,1998,64.1
Malawi,1999,
Malawi,2000,
Malawi,2001,
Malawi,2002,
Malawi,2003,
Malawi,2004,
Malawi,2005,
Malawi,2006,
Malawi,2007,
Malawi,2008,
Malawi,2009,
Malawi,2010,61.3
Malawi,2011,
Malaysia,1975,
Malaysia,1976,
Malaysia,1977,
Malaysia,1978,
Malaysia,1979,
Malaysia,1980,69.5
Malaysia,1981,
Malaysia,1982,
Malaysia,1983,
Malaysia,1984,
Malaysia,1985,
Malaysia,1986,
Malaysia,1987,
Malaysia,1988,
Malaysia,1989,
Malaysia,1990,
Malaysia,1991,82.9
Malaysia,1992,
Malaysia,1993,
Malaysia,1994,
Malaysia,1995,
Malaysia,1996,
Malaysia,1997,
Malaysia,1998,
Malaysia,1999,
Malaysia,2000,88.7
Malaysia,2001,
Malaysia,2002,
Malaysia,2003,
Malaysia,2004,
Malaysia,2005,
Malaysia,2006,
Malaysia,2007,
Malaysia,2008,
Malaysia,2009,
Malaysia,2010,93.1
Malaysia,2011,
Maldives,1975,
Maldives,1976,
Maldives,1977,82.3
Maldives,1978,
Maldives,1979,
Maldives,1980,
Maldives,1981,
Maldives,1982,
Maldives,1983,
Maldives,1984,
Maldives,1985,92.2
Maldives,1986,
Maldives,1987,
Maldives,1988,
Maldives,1989,
Maldives,1990,96.0
Maldives,1991,
Maldives,1992,
Maldives,1993,
Maldives,1994,
Maldives,1995,96.3
Maldives,1996,
Maldives,1997,
Maldives,1998,
Maldives,1999,
Maldives,2000,96.3
Maldives,2001,
Maldives,2002,
Maldives,2003,
Maldives,2004,
Maldives,2005,
Maldives,2006,98.4
Maldives,2007,
Maldives,2008,
Maldives,2009,
Maldives,2010,
Maldives,2011,
Mali,1975,
Mali,1976,9.43
Mali,1977,
Mali,1978,
Mali,1979,
Mali,1980,
Mali,1981,
Mali,1982,
Mali,1983,
Mali,1984,
Mali,1985,
Mali,1986,
Mali,1987,
Mali,1988,
Mali,1989,
Mali,1990,
Mali,1991,
Mali,1992,
Mali,1993,
Mali,1994,
Mali,1995,
Mali,1996,
Mali,1997,
Mali,1998,19.0
Mali,1999,
Mali,2000,
Mali,2001,
Mali,2002,
Mali,2003,24.0
Mali,2004,
Mali,2005,
Mali,2006,26.2
Mali,2007,
Mali,2008,
Mali,2009,
Mali,2010,31.1
Mali,2011,33.4
Malta,1975,
Malta,1976,
Malta,1977,
Malta,1978,
Malta,1979,
Malta,1980,
Malta,1981,
Malta,1982,
Malta,1983,
Malta,1984,
Malta,1985,88.0
Malta,1986,
Malta,1987,
Malta,1988,
Malta,1989,
Malta,1990,
Malta,1991,
Malta,1992,
Malta,1993,
Malta,1994,
Malta,1995,87.9
Malta,1996,
Malta,1997,
Malta,1998,
Malta,1999,
Malta,2000,
Malta,2001,
Malta,2002,
Malta,2003,
Malta,2004,
Malta,2005,92.4
Malta,2006,
Malta,2007,
Malta,2008,
Malta,2009,
Malta,2010,
Malta,2011,
Mauritania,1975,
Mauritania,1976,
Mauritania,1977,
Mauritania,1978,
Mauritania,1979,
Mauritania,1980,
Mauritania,1981,
Mauritania,1982,
Mauritania,1983,
Mauritania,1984,
Mauritania,1985,
Mauritania,1986,
Mauritania,1987,
Mauritania,1988,
Mauritania,1989,
Mauritania,1990,
Mauritania,1991,
Mauritania,1992,
Mauritania,1993,
Mauritania,1994,
Mauritania,1995,
Mauritania,1996,
Mauritania,1997,
Mauritania,1998,
Mauritania,1999,
Mauritania,2000,51.2
Mauritania,2001,
Mauritania,2002,
Mauritania,2003,
Mauritania,2004,
Mauritania,2005,
Mauritania,2006,
Mauritania,2007,
Mauritania,2008,
Mauritania,2009,
Mauritania,2010,
Mauritania,2011,58.6
Mauritius,1975,
Mauritius,1976,
Mauritius,1977,
Mauritius,1978,
Mauritius,1979,
Mauritius,1980,
Mauritius,1981,
Mauritius,1982,
Mauritius,1983,
Mauritius,1984,
Mauritius,1985,
Mauritius,1986,
Mauritius,1987,
Mauritius,1988,
Mauritius,1989,
Mauritius,1990,79.9
Mauritius,1991,
Mauritius,1992,
Mauritius,1993,
Mauritius,1994,
Mauritius,1995,
Mauritius,1996,
Mauritius,1997,
Mauritius,1998,
Mauritius,1999,
Mauritius,2000,84.3
Mauritius,2001,
Mauritius,2002,
Mauritius,2003,
Mauritius,2004,
Mauritius,2005,
Mauritius,2006,
Mauritius,2007,
Mauritius,2008,
Mauritius,2009,
Mauritius,2010,
Mauritius,2011,88.8
Mexico,1975,
Mexico,1976,
Mexico,1977,
Mexico,1978,
Mexico,1979,
Mexico,1980,83.0
Mexico,1981,
Mexico,1982,
Mexico,1983,
Mexico,1984,
Mexico,1985,
Mexico,1986,
Mexico,1987,
Mexico,1988,
Mexico,1989,
Mexico,1990,87.6
Mexico,1991,
Mexico,1992,
Mexico,1993,
Mexico,1994,
Mexico,1995,
Mexico,1996,
Mexico,1997,
Mexico,1998,
Mexico,1999,
Mexico,2000,90.5
Mexico,2001,
Mexico,2002,90.3
Mexico,2003,
Mexico,2004,91.0
Mexico,2005,91.6
Mexico,2006,91.7
Mexico,2007,92.8
Mexico,2008,92.9
Mexico,2009,93.4
Mexico,2010,93.1
Mexico,2011,93.5
Moldova,1975,
Moldova,1976,
Moldova,1977,
Moldova,1978,
Moldova,1979,
Moldova,1980,
Moldova,1981,
Moldova,1982,
Moldova,1983,
Moldova,1984,
Moldova,1985,
Moldova,1986,
Moldova,1987,
Moldova,1988,
Moldova,1989,96.4
Moldova,1990,
Moldova,1991,
Moldova,1992,
Moldova,1993,
Moldova,1994,
Moldova,1995,
Moldova,1996,
Moldova,1997,
Moldova,1998,
Moldova,1999,
Moldova,2000,96.7
Moldova,2001,
Moldova,2002,
Moldova,2003,
Moldova,2004,
Moldova,2005,
Moldova,2006,
Moldova,2007,
Moldova,2008,
Moldova,2009,
Moldova,2010,
Moldova,2011,99.0
Mongolia,1975,
Mongolia,1976,
Mongolia,1977,
Mongolia,1978,
Mongolia,1979,
Mongolia,1980,
Mongolia,1981,
Mongolia,1982,
Mongolia,1983,
Mongolia,1984,
Mongolia,1985,
Mongolia,1986,
Mongolia,1987,
Mongolia,1988,
Mongolia,1989,
Mongolia,1990,
Mongolia,1991,
Mongolia,1992,
Mongolia,1993,
Mongolia,1994,
Mongolia,1995,
Mongolia,1996,
Mongolia,1997,
Mongolia,1998,
Mongolia,1999,
Mongolia,2000,97.8
Mongolia,2001,
Mongolia,2002,
Mongolia,2003,
Mongolia,2004,
Mongolia,2005,
Mongolia,2006,
Mongolia,2007,
Mongolia,2008,
Mongolia,2009,
Mongolia,2010,
Mongolia,2011,97.4
Montenegro,1975,
Montenegro,1976,
Montenegro,1977,
Montenegro,1978,
Montenegro,1979,
Montenegro,1980,
Montenegro,1981,
Montenegro,1982,
Montenegro,1983,
Montenegro,1984,
Montenegro,1985,
Montenegro,1986,
Montenegro,1987,
Montenegro,1988,
Montenegro,1989,
Montenegro,1990,
Montenegro,1991,
Montenegro,1992,
Montenegro,1993,
Montenegro,1994,
Montenegro,1995,
Montenegro,1996,
Montenegro,1997,
Montenegro,1998,
Montenegro,1999,
Montenegro,2000,
Montenegro,2001,
Montenegro,2002,
Montenegro,2003,
Montenegro,2004,
Montenegro,2005,
Montenegro,2006,
Montenegro,2007,
Montenegro,2008,
Montenegro,2009,
Montenegro,2010,
Montenegro,2011,98.5
Morocco,1975,
Morocco,1976,
Morocco,1977,
Morocco,1978,
Morocco,1979,
Morocco,1980,
Morocco,1981,
Morocco,1982,30.3
Morocco,1983,
Morocco,1984,
Morocco,1985,
Morocco,1986,
Morocco,1987,
Morocco,1988,
Morocco,1989,
Morocco,1990,
Morocco,1991,
Morocco,1992,
Morocco,1993,
Morocco,1994,41.6
Morocco,1995,
Morocco,1996,
Morocco,1997,
Morocco,1998,
Morocco,1999,
Morocco,2000,
Morocco,2001,
Morocco,2002,
Morocco,2003,
Morocco,2004,52.3
Morocco,2005,
Morocco,2006,
Morocco,2007,
Morocco,2008,55.1
Morocco,2009,56.1
Morocco,2010,
Morocco,2011,67.1
Mozambique,1975,
Mozambique,1976,
Mozambique,1977,
Mozambique,1978,
Mozambique,1979,
Mozambique,1980,27.1
Mozambique,1981,
Mozambique,1982,
Mozambique,1983,
Mozambique,1984,
Mozambique,1985,
Mozambique,1986,
Mozambique,1987,
Mozambique,1988,
Mozambique,1989,
Mozambique,1990,
Mozambique,1991,
Mozambique,1992,
Mozambique,1993,
Mozambique,1994,
Mozambique,1995,
Mozambique,1996,
Mozambique,1997,38.7
Mozambique,1998,
Mozambique,1999,
Mozambique,2000,
Mozambique,2001,
Mozambique,2002,
Mozambique,2003,48.2
Mozambique,2004,
Mozambique,2005,
Mozambique,2006,
Mozambique,2007,
Mozambique,2008,
Mozambique,2009,50.6
Mozambique,2010,
Mozambique,2011,
Myanmar,1975,
Myanmar,1976,
Myanmar,1977,
Myanmar,1978,
Myanmar,1979,
Myanmar,1980,
Myanmar,1981,
Myanmar,1982,
Myanmar,1983,78.6
Myanmar,1984,
Myanmar,1985,
Myanmar,1986,
Myanmar,1987,
Myanmar,1988,
Myanmar,1989,
Myanmar,1990,
Myanmar,1991,
Myanmar,1992,
Myanmar,1993,
Myanmar,1994,
Myanmar,1995,
Myanmar,1996,
Myanmar,1997,
Myanmar,1998,
Myanmar,1999,
Myanmar,2000,89.9
Myanmar,2001,
Myanmar,2002,
Myanmar,2003,
Myanmar,2004,
Myanmar,2005,
Myanmar,2006,
Myanmar,2007,
Myanmar,2008,
Myanmar,2009,
Myanmar,2010,
Myanmar,2011,92.7
Namibia,1975,
Namibia,1976,
Namibia,1977,
Namibia,1978,
Namibia,1979,
Namibia,1980,
Namibia,1981,
Namibia,1982,
Namibia,1983,
Namibia,1984,
Namibia,1985,
Namibia,1986,
Namibia,1987,
Namibia,1988,
Namibia,1989,
Namibia,1990,
Namibia,1991,75.8
Namibia,1992,
Namibia,1993,
Namibia,1994,
Namibia,1995,
Namibia,1996,
Namibia,1997,
Namibia,1998,
Namibia,1999,
Namibia,2000,
Namibia,2001,85.0
Namibia,2002,
Namibia,2003,
Namibia,2004,
Namibia,2005,
Namibia,2006,
Namibia,2007,76.5
Namibia,2008,
Namibia,2009,
Namibia,2010,
Namibia,2011,
Nepal,1975,
Nepal,1976,
Nepal,1977,
Nepal,1978,
Nepal,1979,
Nepal,1980,
Nepal,1981,20.6
Nepal,1982,
Nepal,1983,
Nepal,1984,
Nepal,1985,
Nepal,1986,
Nepal,1987,
Nepal,1988,
Nepal,1989,
Nepal,1990,
Nepal,1991,33.0
Nepal,1992,
Nepal,1993,
Nepal,1994,
Nepal,1995,
Nepal,1996,
Nepal,1997,
Nepal,1998,
Nepal,1999,
Nepal,2000,
Nepal,2001,48.6
Nepal,2002,
Nepal,2003,
Nepal,2004,
Nepal,2005,
Nepal,2006,
Nepal,2007,
Nepal,2008,
Nepal,2009,
Nepal,2010,
Nepal,2011,57.4
Nicaragua,1975,
Nicaragua,1976,
Nicaragua,1977,
Nicaragua,1978,
Nicaragua,1979,
Nicaragua,1980,
Nicaragua,1981,
Nicaragua,1982,
Nicaragua,1983,
Nicaragua,1984,
Nicaragua,1985,
Nicaragua,1986,
Nicaragua,1987,
Nicaragua,1988,
Nicaragua,1989,
Nicaragua,1990,
Nicaragua,1991,
Nicaragua,1992,
Nicaragua,1993,
Nicaragua,1994,
Nicaragua,1995,
Nicaragua,1996,
Nicaragua,1997,
Nicaragua,1998,
Nicaragua,1999,
Nicaragua,2000,
Nicaragua,2001,76.7
Nicaragua,2002,
Nicaragua,2003,
Nicaragua,2004,
Nicaragua,2005,78.0
Nicaragua,2006,
Nicaragua,2007,
Nicaragua,2008,
Nicaragua,2009,
Nicaragua,2010,
Nicaragua,2011,
Niger,1975,
Niger,1976,
Niger,1977,
Niger,1978,
Niger,1979,
Niger,1980,
Niger,1981,
Niger,1982,
Niger,1983,
Niger,1984,
Niger,1985,
Niger,1986,
Niger,1987,
Niger,1988,
Niger,1989,
Niger,1990,
Niger,1991,
Niger,1992,
Niger,1993,
Niger,1994,
Niger,1995,
Niger,1996,
Niger,1997,
Niger,1998,
Niger,1999,
Niger,2000,
Niger,2001,9.39
Niger,2002,
Niger,2003,
Niger,2004,
Niger,2005,28.7
Niger,2006,
Niger,2007,
Niger,2008,
Niger,2009,
Niger,2010,
Niger,2011,
Nigeria,1975,
Nigeria,1976,
Nigeria,1977,
Nigeria,1978,
Nigeria,1979,
Nigeria,1980,
Nigeria,1981,
Nigeria,1982,
Nigeria,1983,
Nigeria,1984,
Nigeria,1985,
Nigeria,1986,
Nigeria,1987,
Nigeria,1988,
Nigeria,1989,
Nigeria,1990,
Nigeria,1991,55.5
Nigeria,1992,
Nigeria,1993,
Nigeria,1994,
Nigeria,1995,
Nigeria,1996,
Nigeria,1997,
Nigeria,1998,
Nigeria,1999,
Nigeria,2000,
Nigeria,2001,
Nigeria,2002,
Nigeria,2003,54.8
Nigeria,2004,
Nigeria,2005,
Nigeria,2006,
Nigeria,2007,
Nigeria,2008,51.1
Nigeria,2009,
Nigeria,2010,
Nigeria,2011,
North Korea,1975,
North Korea,1976,
North Korea,1977,
North Korea,1978,
North Korea,1979,
North Korea,1980,
North Korea,1981,
North Korea,1982,
North Korea,1983,
North Korea,1984,
North Korea,1985,
North Korea,1986,
North Korea,1987,
North Korea,1988,
North Korea,1989,
North Korea,1990,
North Korea,1991,
North Korea,1992,
North Korea,1993,
North Korea,1994,
North Korea,1995,
North Korea,1996,
North Korea,1997,
North Korea,1998,
North Korea,1999,
North Korea,2000,
North Korea,2001,
North Korea,2002,
North Korea,2003,
North Korea,2004,
North Korea,2005,
North Korea,2006,
North Korea,2007,
North Korea,2008,100.0
North Korea,2009,
North Korea,2010,
North Korea,2011,
Oman,1975,
Oman,1976,
Oman,1977,
Oman,1978,
Oman,1979,
Oman,1980,
Oman,1981,
Oman,1982,
Oman,1983,
Oman,1984,
Oman,1985,
Oman,1986,
Oman,1987,
Oman,1988,
Oman,1989,
Oman,1990,
Oman,1991,
Oman,1992,
Oman,1993,
Oman,1994,
Oman,1995,
Oman,1996,
Oman,1997,
Oman,1998,
Oman,1999,
Oman,2000,
Oman,2001,
Oman,2002,
Oman,2003,81.4
Oman,2004,
Oman,2005,
Oman,2006,
Oman,2007,
Oman,2008,86.6
Oman,2009,
Oman,2010,86.9
Oman,2011,
Pakistan,1975,
Pakistan,1976,
Pakistan,1977,
Pakistan,1978,
Pakistan,1979,
Pakistan,1980,
Pakistan,1981,25.7
Pakistan,1982,
Pakistan,1983,
Pakistan,1984,
Pakistan,1985,
Pakistan,1986,
Pakistan,1987,
Pakistan,1988,
Pakistan,1989,
Pakistan,1990,
Pakistan,1991,
Pakistan,1992,
Pakistan,1993,
Pakistan,1994,
Pakistan,1995,
Pakistan,1996,
Pakistan,1997,
Pakistan,1998,42.7
Pakistan,1999,
Pakistan,2000,
Pakistan,2001,
Pakistan,2002,
Pakistan,2003,
Pakistan,2004,
Pakistan,2005,49.9
Pakistan,2006,54.1
Pakistan,2007,
Pakistan,2008,55.5
Pakistan,2009,54.9
Pakistan,2010,
Pakistan,2011,
Palau,1975,
Palau,1976,
Palau,1977,
Palau,1978,
Palau,1979,
Palau,1980,91.9
Palau,1981,
Palau,1982,
Palau,1983,
Palau,1984,
Palau,1985,
Palau,1986,
Palau,1987,
Palau,1988,
Palau,1989,
Palau,1990,
Palau,1991,
Palau,1992,
Palau,1993,
Palau,1994,
Palau,1995,
Palau,1996,
Palau,1997,
Palau,1998,
Palau,1999,
Palau,2000,
Palau,2001,
Palau,2002,
Palau,2003,
Palau,2004,
Palau,2005,
Palau,2006,
Palau,2007,
Palau,2008,
Palau,2009,
Palau,2010,
Palau,2011,
Palestine,1975,
Palestine,1976,
Palestine,1977,
Palestine,1978,
Palestine,1979,
Palestine,1980,
Palestine,1981,
Palestine,1982,
Palestine,1983,
Palestine,1984,
Palestine,1985,
Palestine,1986,
Palestine,1987,
Palestine,1988,
Palestine,1989,
Palestine,1990,
Palestine,1991,
Palestine,1992,
Palestine,1993,
Palestine,1994,
Palestine,1995,
Palestine,1996,
Palestine,1997,86.1
Palestine,1998,
Palestine,1999,
Palestine,2000,
Palestine,2001,
Palestine,2002,
Palestine,2003,
Palestine,2004,92.3
Palestine,2005,
Palestine,2006,93.5
Palestine,2007,93.9
Palestine,2008,94.1
Palestine,2009,94.6
Palestine,2010,94.9
Palestine,2011,95.3
Panama,1975,
Panama,1976,
Panama,1977,
Panama,1978,
Panama,1979,
Panama,1980,88.1
Panama,1981,
Panama,1982,
Panama,1983,
Panama,1984,
Panama,1985,
Panama,1986,
Panama,1987,
Panama,1988,
Panama,1989,
Panama,1990,88.8
Panama,1991,
Panama,1992,
Panama,1993,
Panama,1994,
Panama,1995,
Panama,1996,
Panama,1997,
Panama,1998,
Panama,1999,
Panama,2000,91.9
Panama,2001,
Panama,2002,
Panama,2003,
Panama,2004,
Panama,2005,
Panama,2006,
Panama,2007,
Panama,2008,
Panama,2009,
Panama,2010,94.1
Panama,2011,
Papua New Guinea,1975,
Papua New Guinea,1976,
Papua New Guinea,1977,
Papua New Guinea,1978,
Papua New Guinea,1979,
Papua New Guinea,1980,
Papua New Guinea,1981,
Papua New Guinea,1982,
Papua New Guinea,1983,
Papua New Guinea,1984,
Papua New Guinea,1985,
Papua New Guinea,1986,
Papua New Guinea,1987,
Papua New Guinea,1988,
Papua New Guinea,1989,
Papua New Guinea,1990,
Papua New Guinea,1991,
Papua New Guinea,1992,
Papua New Guinea,1993,
Papua New Guinea,1994,
Papua New Guinea,1995,
Papua New Guinea,1996,
Papua New Guinea,1997,
Papua New Guinea,1998,
Papua New Guinea,1999,
Papua New Guinea,2000,57.3
Papua New Guinea,2001,
Papua New Guinea,2002,
Papua New Guinea,2003,
Papua New Guinea,2004,
Papua New Guinea,2005,
Papua New Guinea,2006,
Papua New Guinea,2007,
Papua New Guinea,2008,
Papua New Guinea,2009,
Papua New Guinea,2010,
Papua New Guinea,2011,62.4
Paraguay,1975,
Paraguay,1976,
Paraguay,1977,
Paraguay,1978,
Paraguay,1979,
Paraguay,1980,
Paraguay,1981,
Paraguay,1982,78.5
Paraguay,1983,
Paraguay,1984,
Paraguay,1985,
Paraguay,1986,
Paraguay,1987,
Paraguay,1988,
Paraguay,1989,
Paraguay,1990,
Paraguay,1991,
Paraguay,1992,90.3
Paraguay,1993,
Paraguay,1994,
Paraguay,1995,
Paraguay,1996,
Paraguay,1997,
Paraguay,1998,
Paraguay,1999,
Paraguay,2000,
Paraguay,2001,
Paraguay,2002,
Paraguay,2003,
Paraguay,2004,
Paraguay,2005,
Paraguay,2006,
Paraguay,2007,94.6
Paraguay,2008,93.3
Paraguay,2009,93.8
Paraguay,2010,93.9
Paraguay,2011,
Peru,1975,
Peru,1976,
Peru,1977,
Peru,1978,
Peru,1979,
Peru,1980,
Peru,1981,81.9
Peru,1982,
Peru,1983,
Peru,1984,
Peru,1985,
Peru,1986,
Peru,1987,
Peru,1988,
Peru,1989,
Peru,1990,
Peru,1991,
Peru,1992,
Peru,1993,87.2
Peru,1994,
Peru,1995,
Peru,1996,
Peru,1997,
Peru,1998,
Peru,1999,
Peru,2000,
Peru,2001,
Peru,2002,
Peru,2003,
Peru,2004,87.7
Peru,2005,87.9
Peru,2006,88.7
Peru,2007,89.6
Peru,2008,
Peru,2009,
Peru,2010,
Peru,2011,
Philippines,1975,
Philippines,1976,
Philippines,1977,
Philippines,1978,
Philippines,1979,
Philippines,1980,83.3
Philippines,1981,
Philippines,1982,
Philippines,1983,
Philippines,1984,
Philippines,1985,
Philippines,1986,
Philippines,1987,
Philippines,1988,
Philippines,1989,
Philippines,1990,93.6
Philippines,1991,
Philippines,1992,
Philippines,1993,
Philippines,1994,
Philippines,1995,
Philippines,1996,
Philippines,1997,
Philippines,1998,
Philippines,1999,
Philippines,2000,92.6
Philippines,2001,
Philippines,2002,
Philippines,2003,92.6
Philippines,2004,
Philippines,2005,
Philippines,2006,
Philippines,2007,
Philippines,2008,95.4
Philippines,2009,
Philippines,2010,
Philippines,2011,
Poland,1975,
Poland,1976,
Poland,1977,
Poland,1978,98.7
Poland,1979,
Poland,1980,
Poland,1981,
Poland,1982,
Poland,1983,
Poland,1984,
Poland,1985,
Poland,1986,
Poland,1987,
Poland,1988,
Poland,1989,
Poland,1990,
Poland,1991,
Poland,1992,
Poland,1993,
Poland,1994,99.4
Poland,1995,
Poland,1996,
Poland,1997,
Poland,1998,
Poland,1999,
Poland,2000,
Poland,2001,
Poland,2002,
Poland,2003,
Poland,2004,99.6
Poland,2005,
Poland,2006,
Poland,2007,
Poland,2008,
Poland,2009,
Poland,2010,
Poland,2011,99.7
Portugal,1975,
Portugal,1976,
Portugal,1977,
Portugal,1978,
Portugal,1979,
Portugal,1980,
Portugal,1981,79.4
Portugal,1982,
Portugal,1983,
Portugal,1984,
Portugal,1985,
Portugal,1986,
Portugal,1987,
Portugal,1988,
Portugal,1989,
Portugal,1990,
Portugal,1991,88.0
Portugal,1992,
Portugal,1993,
Portugal,1994,
Portugal,1995,
Portugal,1996,
Portugal,1997,
Portugal,1998,
Portugal,1999,
Portugal,2000,
Portugal,2001,
Portugal,2002,
Portugal,2003,
Portugal,2004,
Portugal,2005,
Portugal,2006,
Portugal,2007,
Portugal,2008,
Portugal,2009,
Portugal,2010,
Portugal,2011,95.4
Qatar,1975,
Qatar,1976,
Qatar,1977,
Qatar,1978,
Qatar,1979,
Qatar,1980,
Qatar,1981,
Qatar,1982,
Qatar,1983,
Qatar,1984,
Qatar,1985,
Qatar,1986,75.6
Qatar,1987,
Qatar,1988,
Qatar,1989,
Qatar,1990,
Qatar,1991,
Qatar,1992,
Qatar,1993,
Qatar,1994,
Qatar,1995,
Qatar,1996,
Qatar,1997,83.3
Qatar,1998,
Qatar,1999,
Qatar,2000,
Qatar,2001,
Qatar,2002,
Qatar,2003,
Qatar,2004,89.0
Qatar,2005,
Qatar,2006,
Qatar,2007,93.1
Qatar,2008,94.0
Qatar,2009,94.7
Qatar,2010,96.3
Qatar,2011,
Romania,1975,
Romania,1976,
Romania,1977,
Romania,1978,
Romania,1979,
Romania,1980,
Romania,1981,
Romania,1982,
Romania,1983,
Romania,1984,
Romania,1985,
Romania,1986,
Romania,1987,
Romania,1988,
Romania,1989,
Romania,1990,
Romania,1991,
Romania,1992,96.7
Romania,1993,
Romania,1994,
Romania,1995,
Romania,1996,
Romania,1997,
Romania,1998,
Romania,1999,
Romania,2000,
Romania,2001,
Romania,2002,97.3
Romania,2003,
Romania,2004,
Romania,2005,
Romania,2006,
Romania,2007,
Romania,2008,
Romania,2009,
Romania,2010,
Romania,2011,97.7
Russia,1975,
Russia,1976,
Russia,1977,
Russia,1978,
Russia,1979,
Russia,1980,
Russia,1981,
Russia,1982,
Russia,1983,
Russia,1984,
Russia,1985,
Russia,1986,
Russia,1987,
Russia,1988,
Russia,1989,98.0
Russia,1990,
Russia,1991,
Russia,1992,
Russia,1993,
Russia,1994,
Russia,1995,
Russia,1996,
Russia,1997,
Russia,1998,
Russia,1999,
Russia,2000,
Russia,2001,
Russia,2002,99.4
Russia,2003,
Russia,2004,
Russia,2005,
Russia,2006,
Russia,2007,
Russia,2008,
Russia,2009,
Russia,2010,99.7
Russia,2011,
Rwanda,1975,
Rwanda,1976,
Rwanda,1977,
Rwanda,1978,38.2
Rwanda,1979,
Rwanda,1980,
Rwanda,1981,
Rwanda,1982,
Rwanda,1983,
Rwanda,1984,
Rwanda,1985,
Rwanda,1986,
Rwanda,1987,
Rwanda,1988,
Rwanda,1989,
Rwanda,1990,
Rwanda,1991,57.9
Rwanda,1992,
Rwanda,1993,
Rwanda,1994,
Rwanda,1995,
Rwanda,1996,
Rwanda,1997,
Rwanda,1998,
Rwanda,1999,
Rwanda,2000,64.9
Rwanda,2001,
Rwanda,2002,
Rwanda,2003,
Rwanda,2004,
Rwanda,2005,
Rwanda,2006,
Rwanda,2007,
Rwanda,2008,
Rwanda,2009,
Rwanda,2010,65.8
Rwanda,2011,
Samoa,1975,
Samoa,1976,
Samoa,1977,
Samoa,1978,
Samoa,1979,
Samoa,1980,
Samoa,1981,
Samoa,1982,
Samoa,1983,
Samoa,1984,
Samoa,1985,
Samoa,1986,
Samoa,1987,
Samoa,1988,
Samoa,1989,
Samoa,1990,
Samoa,1991,97.9
Samoa,1992,
Samoa,1993,
Samoa,1994,
Samoa,1995,
Samoa,1996,
Samoa,1997,
Samoa,1998,
Samoa,1999,
Samoa,2000,
Samoa,2001,
Samoa,2002,
Samoa,2003,
Samoa,2004,98.5
Samoa,2005,
Samoa,2006,
Samoa,2007,
Samoa,2008,
Samoa,2009,
Samoa,2010,
Samoa,2011,98.8
Sao Tome and Principe,1975,
Sao Tome and Principe,1976,
Sao Tome and Principe,1977,
Sao Tome and Principe,1978,
Sao Tome and Principe,1979,
Sao Tome and Principe,1980,
Sao Tome and Principe,1981,57.3
Sao Tome and Principe,1982,
Sao Tome and Principe,1983,
Sao Tome and Principe,1984,
Sao Tome and Principe,1985,
Sao Tome and Principe,1986,
Sao Tome and Principe,1987,
Sao Tome and Principe,1988,
Sao Tome and Principe,1989,
Sao Tome and Principe,1990,
Sao Tome and Principe,1991,73.2
Sao Tome and Principe,1992,
Sao Tome and Principe,1993,
Sao Tome and Principe,1994,
Sao Tome and Principe,1995,
Sao Tome and Principe,1996,
Sao Tome and Principe,1997,
Sao Tome and Principe,1998,
Sao Tome and Principe,1999,
Sao Tome and Principe,2000,
Sao Tome and Principe,2001,84.9
Sao Tome and Principe,2002,
Sao Tome and Principe,2003,
Sao Tome and Principe,2004,
Sao Tome and Principe,2005,
Sao Tome and Principe,2006,
Sao Tome and Principe,2007,
Sao Tome and Principe,2008,69.5
Sao Tome and Principe,2009,
Sao Tome and Principe,2010,
Sao Tome and Principe,2011,
Saudi Arabia,1975,
Saudi Arabia,1976,
Saudi Arabia,1977,
Saudi Arabia,1978,
Saudi Arabia,1979,
Saudi Arabia,1980,
Saudi Arabia,1981,
Saudi Arabia,1982,
Saudi Arabia,1983,
Saudi Arabia,1984,
Saudi Arabia,1985,
Saudi Arabia,1986,
Saudi Arabia,1987,
Saudi Arabia,1988,
Saudi Arabia,1989,
Saudi Arabia,1990,
Saudi Arabia,1991,
Saudi Arabia,1992,70.8
Saudi Arabia,1993,
Saudi Arabia,1994,
Saudi Arabia,1995,
Saudi Arabia,1996,
Saudi Arabia,1997,
Saudi Arabia,1998,
Saudi Arabia,1999,
Saudi Arabia,2000,79.3
Saudi Arabia,2001,
Saudi Arabia,2002,
Saudi Arabia,2003,
Saudi Arabia,2004,82.9
Saudi Arabia,2005,
Saudi Arabia,2006,
Saudi Arabia,2007,
Saudi Arabia,2008,
Saudi Arabia,2009,
Saudi Arabia,2010,
Saudi Arabia,2011,87.2
Senegal,1975,
Senegal,1976,
Senegal,1977,
Senegal,1978,
Senegal,1979,
Senegal,1980,
Senegal,1981,
Senegal,1982,
Senegal,1983,
Senegal,1984,
Senegal,1985,
Senegal,1986,
Senegal,1987,
Senegal,1988,26.9
Senegal,1989,
Senegal,1990,
Senegal,1991,
Senegal,1992,
Senegal,1993,
Senegal,1994,
Senegal,1995,
Senegal,1996,
Senegal,1997,
Senegal,1998,
Senegal,1999,
Senegal,2000,
Senegal,2001,
Senegal,2002,39.3
Senegal,2003,
Senegal,2004,
Senegal,2005,
Senegal,2006,41.9
Senegal,2007,
Senegal,2008,
Senegal,2009,49.7
Senegal,2010,
Senegal,2011,
Serbia,1975,
Serbia,1976,
Serbia,1977,
Serbia,1978,
Serbia,1979,
Serbia,1980,
Serbia,1981,
Serbia,1982,
Serbia,1983,
Serbia,1984,
Serbia,1985,
Serbia,1986,
Serbia,1987,
Serbia,1988,
Serbia,1989,
Serbia,1990,
Serbia,1991,
Serbia,1992,
Serbia,1993,
Serbia,1994,
Serbia,1995,
Serbia,1996,
Serbia,1997,
Serbia,1998,
Serbia,1999,
Serbia,2000,
Serbia,2001,
Serbia,2002,
Serbia,2003,
Serbia,2004,
Serbia,2005,
Serbia,2006,
Serbia,2007,
Serbia,2008,
Serbia,2009,
Serbia,2010,
Serbia,2011,98.0
Seychelles,1975,
Seychelles,1976,
Seychelles,1977,
Seychelles,1978,
Seychelles,1979,
Seychelles,1980,
Seychelles,1981,
Seychelles,1982,
Seychelles,1983,
Seychelles,1984,
Seychelles,1985,
Seychelles,1986,
Seychelles,1987,84.2
Seychelles,1988,
Seychelles,1989,
Seychelles,1990,
Seychelles,1991,
Seychelles,1992,
Seychelles,1993,
Seychelles,1994,87.8
Seychelles,1995,
Seychelles,1996,
Seychelles,1997,
Seychelles,1998,
Seychelles,1999,
Seychelles,2000,
Seychelles,2001,
Seychelles,2002,91.8
Seychelles,2003,
Seychelles,2004,
Seychelles,2005,
Seychelles,2006,
Seychelles,2007,
Seychelles,2008,
Seychelles,2009,
Seychelles,2010,
Seychelles,2011,91.8
Sierra Leone,1975,
Sierra Leone,1976,
Sierra Leone,1977,
Sierra Leone,1978,
Sierra Leone,1979,
Sierra Leone,1980,
Sierra Leone,1981,
Sierra Leone,1982,
Sierra Leone,1983,
Sierra Leone,1984,
Sierra Leone,1985,
Sierra Leone,1986,
Sierra Leone,1987,
Sierra Leone,1988,
Sierra Leone,1989,
Sierra Leone,1990,
Sierra Leone,1991,
Sierra Leone,1992,
Sierra Leone,1993,
Sierra Leone,1994,
Sierra Leone,1995,
Sierra Leone,1996,
Sierra Leone,1997,
Sierra Leone,1998,
Sierra Leone,1999,
Sierra Leone,2000,
Sierra Leone,2001,
Sierra Leone,2002,
Sierra Leone,2003,
Sierra Leone,2004,34.8
Sierra Leone,2005,
Sierra Leone,2006,
Sierra Leone,2007,
Sierra Leone,2008,
Sierra Leone,2009,
Sierra Leone,2010,
Sierra Leone,2011,43.3
Singapore,1975,
Singapore,1976,
Singapore,1977,
Singapore,1978,
Singapore,1979,
Singapore,1980,82.9
Singapore,1981,
Singapore,1982,
Singapore,1983,
Singapore,1984,
Singapore,1985,
Singapore,1986,
Singapore,1987,
Singapore,1988,
Singapore,1989,
Singapore,1990,89.1
Singapore,1991,
Singapore,1992,
Singapore,1993,
Singapore,1994,
Singapore,1995,
Singapore,1996,
Singapore,1997,
Singapore,1998,
Singapore,1999,
Singapore,2000,92.5
Singapore,2001,
Singapore,2002,
Singapore,2003,
Singapore,2004,
Singapore,2005,
Singapore,2006,
Singapore,2007,
Singapore,2008,
Singapore,2009,
Singapore,2010,95.9
Singapore,2011,
Slovenia,1975,
Slovenia,1976,
Slovenia,1977,
Slovenia,1978,
Slovenia,1979,
Slovenia,1980,
Slovenia,1981,
Slovenia,1982,
Slovenia,1983,
Slovenia,1984,
Slovenia,1985,
Slovenia,1986,
Slovenia,1987,
Slovenia,1988,
Slovenia,1989,
Slovenia,1990,
Slovenia,1991,99.5
Slovenia,1992,
Slovenia,1993,
Slovenia,1994,
Slovenia,1995,
Slovenia,1996,
Slovenia,1997,
Slovenia,1998,
Slovenia,1999,
Slovenia,2000,
Slovenia,2001,
Slovenia,2002,
Slovenia,2003,
Slovenia,2004,99.7
Slovenia,2005,
Slovenia,2006,
Slovenia,2007,
Slovenia,2008,
Slovenia,2009,
Slovenia,2010,
Slovenia,2011,99.7
South Africa,1975,
South Africa,1976,
South Africa,1977,
South Africa,1978,
South Africa,1979,
South Africa,1980,76.2
South Africa,1981,
South Africa,1982,
South Africa,1983,
South Africa,1984,
South Africa,1985,
South Africa,1986,
South Africa,1987,
South Africa,1988,
South Africa,1989,
South Africa,1990,
South Africa,1991,
South Africa,1992,
South Africa,1993,
South Africa,1994,
South Africa,1995,
South Africa,1996,82.4
South Africa,1997,
South Africa,1998,
South Africa,1999,
South Africa,2000,
South Africa,2001,
South Africa,2002,
South Africa,2003,
South Africa,2004,
South Africa,2005,
South Africa,2006,
South Africa,2007,88.7
South Africa,2008,
South Africa,2009,
South Africa,2010,
South Africa,2011,93.0
Spain,1975,
Spain,1976,
Spain,1977,
Spain,1978,
Spain,1979,
Spain,1980,
Spain,1981,92.8
Spain,1982,
Spain,1983,
Spain,1984,
Spain,1985,
Spain,1986,
Spain,1987,
Spain,1988,
Spain,1989,
Spain,1990,
Spain,1991,96.5
Spain,1992,
Spain,1993,
Spain,1994,
Spain,1995,
Spain,1996,
Spain,1997,
Spain,1998,
Spain,1999,
Spain,2000,
Spain,2001,
Spain,2002,
Spain,2003,
Spain,2004,
Spain,2005,97.8
Spain,2006,
Spain,2007,97.9
Spain,2008,97.6
Spain,2009,97.7
Spain,2010,97.8
Spain,2011,
Sri Lanka,1975,
Sri Lanka,1976,
Sri Lanka,1977,
Sri Lanka,1978,
Sri Lanka,1979,
Sri Lanka,1980,
Sri Lanka,1981,86.8
Sri Lanka,1982,
Sri Lanka,1983,
Sri Lanka,1984,
Sri Lanka,1985,
Sri Lanka,1986,
Sri Lanka,1987,
Sri Lanka,1988,
Sri Lanka,1989,
Sri Lanka,1990,
Sri Lanka,1991,
Sri Lanka,1992,
Sri Lanka,1993,
Sri Lanka,1994,
Sri Lanka,1995,
Sri Lanka,1996,
Sri Lanka,1997,
Sri Lanka,1998,
Sri Lanka,1999,
Sri Lanka,2000,
Sri Lanka,2001,90.7
Sri Lanka,2002,
Sri Lanka,2003,
Sri Lanka,2004,
Sri Lanka,2005,
Sri Lanka,2006,90.8
Sri Lanka,2007,
Sri Lanka,2008,90.6
Sri Lanka,2009,
Sri Lanka,2010,91.2
Sri Lanka,2011,
Sudan,1975,
Sudan,1976,
Sudan,1977,
Sudan,1978,
Sudan,1979,
Sudan,1980,
Sudan,1981,
Sudan,1982,
Sudan,1983,
Sudan,1984,
Sudan,1985,
Sudan,1986,
Sudan,1987,
Sudan,1988,
Sudan,1989,
Sudan,1990,
Sudan,1991,
Sudan,1992,
Sudan,1993,
Sudan,1994,
Sudan,1995,
Sudan,1996,
Sudan,1997,
Sudan,1998,
Sudan,1999,
Sudan,2000,61.4
Sudan,2001,
Sudan,2002,
Sudan,2003,
Sudan,2004,
Sudan,2005,
Sudan,2006,
Sudan,2007,
Sudan,2008,
Sudan,2009,
Sudan,2010,
Sudan,2011,71.9
Suriname,1975,
Suriname,1976,
Suriname,1977,
Suriname,1978,
Suriname,1979,
Suriname,1980,
Suriname,1981,
Suriname,1982,
Suriname,1983,
Suriname,1984,
Suriname,1985,
Suriname,1986,
Suriname,1987,
Suriname,1988,
Suriname,1989,
Suriname,1990,
Suriname,1991,
Suriname,1992,
Suriname,1993,
Suriname,1994,
Suriname,1995,
Suriname,1996,
Suriname,1997,
Suriname,1998,
Suriname,1999,
Suriname,2000,
Suriname,2001,
Suriname,2002,
Suriname,2003,
Suriname,2004,89.6
Suriname,2005,
Suriname,2006,
Suriname,2007,
Suriname,2008,94.6
Suriname,2009,
Suriname,2010,94.7
Suriname,2011,
Swaziland,1975,
Swaziland,1976,55.3
Swaziland,1977,
Swaziland,1978,
Swaziland,1979,
Swaziland,1980,
Swaziland,1981,
Swaziland,1982,
Swaziland,1983,
Swaziland,1984,
Swaziland,1985,
Swaziland,1986,67.2
Swaziland,1987,
Swaziland,1988,
Swaziland,1989,
Swaziland,1990,
Swaziland,1991,
Swaziland,1992,
Swaziland,1993,
Swaziland,1994,
Swaziland,1995,
Swaziland,1996,
Swaziland,1997,
Swaziland,1998,
Swaziland,1999,
Swaziland,2000,81.7
Swaziland,2001,
Swaziland,2002,
Swaziland,2003,
Swaziland,2004,
Swaziland,2005,
Swaziland,2006,
Swaziland,2007,
Swaziland,2008,
Swaziland,2009,
Swaziland,2010,
Swaziland,2011,87.8
Syria,1975,
Syria,1976,
Syria,1977,
Syria,1978,
Syria,1979,
Syria,1980,
Syria,1981,55.6
Syria,1982,
Syria,1983,
Syria,1984,
Syria,1985,
Syria,1986,
Syria,1987,
Syria,1988,
Syria,1989,
Syria,1990,
Syria,1991,
Syria,1992,
Syria,1993,
Syria,1994,
Syria,1995,
Syria,1996,
Syria,1997,
Syria,1998,
Syria,1999,
Syria,2000,
Syria,2001,
Syria,2002,82.9
Syria,2003,
Syria,2004,80.8
Syria,2005,
Syria,2006,
Syria,2007,
Syria,2008,
Syria,2009,
Syria,2010,
Syria,2011,84.1
Tajikistan,1975,
Tajikistan,1976,
Tajikistan,1977,
Tajikistan,1978,
Tajikistan,1979,
Tajikistan,1980,
Tajikistan,1981,
Tajikistan,1982,
Tajikistan,1983,
Tajikistan,1984,
Tajikistan,1985,
Tajikistan,1986,
Tajikistan,1987,
Tajikistan,1988,
Tajikistan,1989,97.7
Tajikistan,1990,
Tajikistan,1991,
Tajikistan,1992,
Tajikistan,1993,
Tajikistan,1994,
Tajikistan,1995,
Tajikistan,1996,
Tajikistan,1997,
Tajikistan,1998,
Tajikistan,1999,
Tajikistan,2000,99.5
Tajikistan,2001,
Tajikistan,2002,
Tajikistan,2003,
Tajikistan,2004,
Tajikistan,2005,
Tajikistan,2006,
Tajikistan,2007,
Tajikistan,2008,
Tajikistan,2009,
Tajikistan,2010,
Tajikistan,2011,99.7
Tanzania,1975,
Tanzania,1976,
Tanzania,1977,
Tanzania,1978,
Tanzania,1979,
Tanzania,1980,
Tanzania,1981,
Tanzania,1982,
Tanzania,1983,
Tanzania,1984,
Tanzania,1985,
Tanzania,1986,
Tanzania,1987,
Tanzania,1988,59.1
Tanzania,1989,
Tanzania,1990,
Tanzania,1991,
Tanzania,1992,
Tanzania,1993,
Tanzania,1994,
Tanzania,1995,
Tanzania,1996,
Tanzania,1997,
Tanzania,1998,
Tanzania,1999,
Tanzania,2000,
Tanzania,2001,
Tanzania,2002,69.4
Tanzania,2003,
Tanzania,2004,
Tanzania,2005,
Tanzania,2006,
Tanzania,2007,
Tanzania,2008,
Tanzania,2009,
Tanzania,2010,67.8
Tanzania,2011,
Thailand,1975,
Thailand,1976,
Thailand,1977,
Thailand,1978,
Thailand,1979,
Thailand,1980,88.0
Thailand,1981,
Thailand,1982,
Thailand,1983,
Thailand,1984,
Thailand,1985,
Thailand,1986,
Thailand,1987,
Thailand,1988,
Thailand,1989,
Thailand,1990,
Thailand,1991,
Thailand,1992,
Thailand,1993,
Thailand,1994,
Thailand,1995,
Thailand,1996,
Thailand,1997,
Thailand,1998,
Thailand,1999,
Thailand,2000,92.7
Thailand,2001,
Thailand,2002,
Thailand,2003,
Thailand,2004,
Thailand,2005,93.5
Thailand,2006,
Thailand,2007,
Thailand,2008,
Thailand,2009,
Thailand,2010,
Thailand,2011,
Timor-Leste,1975,
Timor-Leste,1976,
Timor-Leste,1977,
Timor-Leste,1978,
Timor-Leste,1979,
Timor-Leste,1980,
Timor-Leste,1981,
Timor-Leste,1982,
Timor-Leste,1983,
Timor-Leste,1984,
Timor-Leste,1985,
Timor-Leste,1986,
Timor-Leste,1987,
Timor-Leste,1988,
Timor-Leste,1989,
Timor-Leste,1990,
Timor-Leste,1991,
Timor-Leste,1992,
Timor-Leste,1993,
Timor-Leste,1994,
Timor-Leste,1995,
Timor-Leste,1996,
Timor-Leste,1997,
Timor-Leste,1998,
Timor-Leste,1999,
Timor-Leste,2000,
Timor-Leste,2001,37.6
Timor-Leste,2002,
Timor-Leste,2003,
Timor-Leste,2004,
Timor-Leste,2005,
Timor-Leste,2006,
Timor-Leste,2007,50.6
Timor-Leste,2008,
Timor-Leste,2009,
Timor-Leste,2010,58.3
Timor-Leste,2011,
Togo,1975,
Togo,1976,
Togo,1977,
Togo,1978,
Togo,1979,
Togo,1980,
Togo,1981,
Togo,1982,
Togo,1983,
Togo,1984,
Togo,1985,
Togo,1986,
Togo,1987,
Togo,1988,
Togo,1989,
Togo,1990,
Togo,1991,
Togo,1992,
Togo,1993,
Togo,1994,
Togo,1995,
Togo,1996,
Togo,1997,
Togo,1998,
Togo,1999,
Togo,2000,53.2
Togo,2001,
Togo,2002,
Togo,2003,
Togo,2004,
Togo,2005,
Togo,2006,56.9
Togo,2007,
Togo,2008,
Togo,2009,57.1
Togo,2010,
Togo,2011,60.4
Tonga,1975,
Tonga,1976,99.6
Tonga,1977,
Tonga,1978,
Tonga,1979,
Tonga,1980,
Tonga,1981,
Tonga,1982,
Tonga,1983,
Tonga,1984,
Tonga,1985,
Tonga,1986,
Tonga,1987,
Tonga,1988,
Tonga,1989,
Tonga,1990,
Tonga,1991,
Tonga,1992,
Tonga,1993,
Tonga,1994,
Tonga,1995,
Tonga,1996,98.9
Tonga,1997,
Tonga,1998,
Tonga,1999,
Tonga,2000,
Tonga,2001,
Tonga,2002,
Tonga,2003,
Tonga,2004,
Tonga,2005,
Tonga,2006,99.0
Tonga,2007,
Tonga,2008,
Tonga,2009,
Tonga,2010,
Tonga,2011,
Trinidad and Tobago,1975,
Trinidad and Tobago,1976,
Trinidad and Tobago,1977,
Trinidad and Tobago,1978,
Trinidad and Tobago,1979,
Trinidad and Tobago,1980,95.0
Trinidad and Tobago,1981,
Trinidad and Tobago,1982,
Trinidad and Tobago,1983,
Trinidad and Tobago,1984,
Trinidad and Tobago,1985,
Trinidad and Tobago,1986,
Trinidad and Tobago,1987,
Trinidad and Tobago,1988,
Trinidad and Tobago,1989,
Trinidad and Tobago,1990,96.9
Trinidad and Tobago,1991,
Trinidad and Tobago,1992,
Trinidad and Tobago,1993,
Trinidad and Tobago,1994,
Trinidad and Tobago,1995,
Trinidad and Tobago,1996,
Trinidad and Tobago,1997,
Trinidad and Tobago,1998,
Trinidad and Tobago,1999,
Trinidad and Tobago,2000,
Trinidad and Tobago,2001,
Trinidad and Tobago,2002,
Trinidad and Tobago,2003,
Trinidad and Tobago,2004,98.4
Trinidad and Tobago,2005,
Trinidad and Tobago,2006,
Trinidad and Tobago,2007,
Trinidad and Tobago,2008,
Trinidad and Tobago,2009,
Trinidad and Tobago,2010,
Trinidad and Tobago,2011,98.8
Tunisia,1975,
Tunisia,1976,
Tunisia,1977,
Tunisia,1978,
Tunisia,1979,
Tunisia,1980,
Tunisia,1981,
Tunisia,1982,
Tunisia,1983,
Tunisia,1984,48.2
Tunisia,1985,
Tunisia,1986,
Tunisia,1987,
Tunisia,1988,
Tunisia,1989,
Tunisia,1990,
Tunisia,1991,
Tunisia,1992,
Tunisia,1993,
Tunisia,1994,59.2
Tunisia,1995,
Tunisia,1996,
Tunisia,1997,
Tunisia,1998,
Tunisia,1999,
Tunisia,2000,
Tunisia,2001,
Tunisia,2002,
Tunisia,2003,
Tunisia,2004,74.3
Tunisia,2005,
Tunisia,2006,
Tunisia,2007,77.2
Tunisia,2008,77.6
Tunisia,2009,
Tunisia,2010,79.1
Tunisia,2011,
Turkey,1975,61.6
Turkey,1976,
Turkey,1977,
Turkey,1978,
Turkey,1979,
Turkey,1980,65.7
Turkey,1981,
Turkey,1982,
Turkey,1983,
Turkey,1984,
Turkey,1985,76.0
Turkey,1986,
Turkey,1987,
Turkey,1988,
Turkey,1989,
Turkey,1990,79.2
Turkey,1991,
Turkey,1992,
Turkey,1993,
Turkey,1994,
Turkey,1995,
Turkey,1996,
Turkey,1997,
Turkey,1998,
Turkey,1999,
Turkey,2000,
Turkey,2001,
Turkey,2002,
Turkey,2003,
Turkey,2004,87.4
Turkey,2005,88.2
Turkey,2006,88.1
Turkey,2007,88.7
Turkey,2008,
Turkey,2009,90.8
Turkey,2010,92.7
Turkey,2011,94.1
Turkmenistan,1975,
Turkmenistan,1976,
Turkmenistan,1977,
Turkmenistan,1978,
Turkmenistan,1979,
Turkmenistan,1980,
Turkmenistan,1981,
Turkmenistan,1982,
Turkmenistan,1983,
Turkmenistan,1984,
Turkmenistan,1985,
Turkmenistan,1986,
Turkmenistan,1987,
Turkmenistan,1988,
Turkmenistan,1989,
Turkmenistan,1990,
Turkmenistan,1991,
Turkmenistan,1992,
Turkmenistan,1993,
Turkmenistan,1994,
Turkmenistan,1995,98.8
Turkmenistan,1996,
Turkmenistan,1997,
Turkmenistan,1998,
Turkmenistan,1999,
Turkmenistan,2000,
Turkmenistan,2001,
Turkmenistan,2002,
Turkmenistan,2003,
Turkmenistan,2004,
Turkmenistan,2005,
Turkmenistan,2006,
Turkmenistan,2007,
Turkmenistan,2008,
Turkmenistan,2009,
Turkmenistan,2010,
Turkmenistan,2011,99.6
Uganda,1975,
Uganda,1976,
Uganda,1977,
Uganda,1978,
Uganda,1979,
Uganda,1980,
Uganda,1981,
Uganda,1982,
Uganda,1983,
Uganda,1984,
Uganda,1985,
Uganda,1986,
Uganda,1987,
Uganda,1988,
Uganda,1989,
Uganda,1990,
Uganda,1991,56.1
Uganda,1992,
Uganda,1993,
Uganda,1994,
Uganda,1995,
Uganda,1996,
Uganda,1997,
Uganda,1998,
Uganda,1999,
Uganda,2000,
Uganda,2001,
Uganda,2002,68.1
Uganda,2003,
Uganda,2004,
Uganda,2005,
Uganda,2006,71.4
Uganda,2007,
Uganda,2008,
Uganda,2009,
Uganda,2010,73.2
Uganda,2011,
Ukraine,1975,
Ukraine,1976,
Ukraine,1977,
Ukraine,1978,
Ukraine,1979,
Ukraine,1980,
Ukraine,1981,
Ukraine,1982,
Ukraine,1983,
Ukraine,1984,
Ukraine,1985,
Ukraine,1986,
Ukraine,1987,
Ukraine,1988,
Ukraine,1989,
Ukraine,1990,
Ukraine,1991,
Ukraine,1992,
Ukraine,1993,
Ukraine,1994,
Ukraine,1995,
Ukraine,1996,
Ukraine,1997,
Ukraine,1998,
Ukraine,1999,
Ukraine,2000,
Ukraine,2001,99.4
Ukraine,2002,
Ukraine,2003,
Ukraine,2004,
Ukraine,2005,
Ukraine,2006,
Ukraine,2007,
Ukraine,2008,
Ukraine,2009,
Ukraine,2010,
Ukraine,2011,99.7
United Arab Emirates,1975,53.5
United Arab Emirates,1976,
United Arab Emirates,1977,
United Arab Emirates,1978,
United Arab Emirates,1979,
United Arab Emirates,1980,
United Arab Emirates,1981,
United Arab Emirates,1982,
United Arab Emirates,1983,
United Arab Emirates,1984,
United Arab Emirates,1985,71.2
United Arab Emirates,1986,
United Arab Emirates,1987,
United Arab Emirates,1988,
United Arab Emirates,1989,
United Arab Emirates,1990,
United Arab Emirates,1991,
United Arab Emirates,1992,
United Arab Emirates,1993,
United Arab Emirates,1994,
United Arab Emirates,1995,
United Arab Emirates,1996,
United Arab Emirates,1997,
United Arab Emirates,1998,
United Arab Emirates,1999,
United Arab Emirates,2000,
United Arab Emirates,2001,
United Arab Emirates,2002,
United Arab Emirates,2003,
United Arab Emirates,2004,
United Arab Emirates,2005,90.0
United Arab Emirates,2006,
United Arab Emirates,2007,
United Arab Emirates,2008,
United Arab Emirates,2009,
United Arab Emirates,2010,
United Arab Emirates,2011,
Uruguay,1975,93.9
Uruguay,1976,
Uruguay,1977,
Uruguay,1978,
Uruguay,1979,
Uruguay,1980,
Uruguay,1981,
Uruguay,1982,
Uruguay,1983,
Uruguay,1984,
Uruguay,1985,95.4
Uruguay,1986,
Uruguay,1987,
Uruguay,1988,
Uruguay,1989,
Uruguay,1990,
Uruguay,1991,
Uruguay,1992,
Uruguay,1993,
Uruguay,1994,
Uruguay,1995,
Uruguay,1996,96.8
Uruguay,1997,
Uruguay,1998,
Uruguay,1999,
Uruguay,2000,
Uruguay,2001,
Uruguay,2002,
Uruguay,2003,
Uruguay,2004,
Uruguay,2005,
Uruguay,2006,97.8
Uruguay,2007,97.9
Uruguay,2008,98.2
Uruguay,2009,98.3
Uruguay,2010,98.1
Uruguay,2011,
Uzbekistan,1975,
Uzbekistan,1976,
Uzbekistan,1977,
Uzbekistan,1978,
Uzbekistan,1979,
Uzbekistan,1980,
Uzbekistan,1981,
Uzbekistan,1982,
Uzbekistan,1983,
Uzbekistan,1984,
Uzbekistan,1985,
Uzbekistan,1986,
Uzbekistan,1987,
Uzbekistan,1988,
Uzbekistan,1989,
Uzbekistan,1990,
Uzbekistan,1991,
Uzbekistan,1992,
Uzbekistan,1993,
Uzbekistan,1994,
Uzbekistan,1995,
Uzbekistan,1996,
Uzbekistan,1997,
Uzbekistan,1998,
Uzbekistan,1999,
Uzbekistan,2000,98.6
Uzbekistan,2001,
Uzbekistan,2002,
Uzbekistan,2003,
Uzbekistan,2004,
Uzbekistan,2005,
Uzbekistan,2006,
Uzbekistan,2007,
Uzbekistan,2008,
Uzbekistan,2009,
Uzbekistan,2010,
Uzbekistan,2011,99.4
Vanuatu,1975,
Vanuatu,1976,
Vanuatu,1977,
Vanuatu,1978,
Vanuatu,1979,52.9
Vanuatu,1980,
Vanuatu,1981,
Vanuatu,1982,
Vanuatu,1983,
Vanuatu,1984,
Vanuatu,1985,
Vanuatu,1986,
Vanuatu,1987,
Vanuatu,1988,
Vanuatu,1989,
Vanuatu,1990,
Vanuatu,1991,
Vanuatu,1992,
Vanuatu,1993,
Vanuatu,1994,68.5
Vanuatu,1995,
Vanuatu,1996,
Vanuatu,1997,
Vanuatu,1998,
Vanuatu,1999,74.0
Vanuatu,2000,
Vanuatu,2001,
Vanuatu,2002,
Vanuatu,2003,
Vanuatu,2004,78.1
Vanuatu,2005,
Vanuatu,2006,
Vanuatu,2007,
Vanuatu,2008,
Vanuatu,2009,
Vanuatu,2010,
Vanuatu,2011,83.2
Venezuela,1975,
Venezuela,1976,
Venezuela,1977,
Venezuela,1978,
Venezuela,1979,
Venezuela,1980,
Venezuela,1981,84.7
Venezuela,1982,
Venezuela,1983,
Venezuela,1984,
Venezuela,1985,
Venezuela,1986,
Venezuela,1987,
Venezuela,1988,
Venezuela,1989,
Venezuela,1990,89.8
Venezuela,1991,
Venezuela,1992,
Venezuela,1993,
Venezuela,1994,
Venezuela,1995,
Venezuela,1996,
Venezuela,1997,
Venezuela,1998,
Venezuela,1999,
Venezuela,2000,
Venezuela,2001,93.0
Venezuela,2002,
Venezuela,2003,
Venezuela,2004,
Venezuela,2005,
Venezuela,2006,
Venezuela,2007,95.2
Venezuela,2008,
Venezuela,2009,95.5
Venezuela,2010,
Venezuela,2011,
Vietnam,1975,
Vietnam,1976,
Vietnam,1977,
Vietnam,1978,
Vietnam,1979,83.8
Vietnam,1980,
Vietnam,1981,
Vietnam,1982,
Vietnam,1983,
Vietnam,1984,
Vietnam,1985,
Vietnam,1986,
Vietnam,1987,
Vietnam,1988,
Vietnam,1989,87.6
Vietnam,1990,
Vietnam,1991,
Vietnam,1992,
Vietnam,1993,
Vietnam,1994,
Vietnam,1995,
Vietnam,1996,
Vietnam,1997,
Vietnam,1998,
Vietnam,1999,90.3
Vietnam,2000,90.2
Vietnam,2001,
Vietnam,2002,
Vietnam,2003,
Vietnam,2004,
Vietnam,2005,
Vietnam,2006,
Vietnam,2007,
Vietnam,2008,
Vietnam,2009,
Vietnam,2010,
Vietnam,2011,93.4
Yemen,1975,
Yemen,1976,
Yemen,1977,
Yemen,1978,
Yemen,1979,
Yemen,1980,
Yemen,1981,
Yemen,1982,
Yemen,1983,
Yemen,1984,
Yemen,1985,
Yemen,1986,
Yemen,1987,
Yemen,1988,
Yemen,1989,
Yemen,1990,
Yemen,1991,
Yemen,1992,
Yemen,1993,
Yemen,1994,37.1
Yemen,1995,
Yemen,1996,
Yemen,1997,
Yemen,1998,
Yemen,1999,
Yemen,2000,
Yemen,2001,
Yemen,2002,
Yemen,2003,
Yemen,2004,54.8
Yemen,2005,
Yemen,2006,
Yemen,2007,
Yemen,2008,
Yemen,2009,
Yemen,2010,
Yemen,2011,65.3
Zambia,1975,
Zambia,1976,
Zambia,1977,
Zambia,1978,
Zambia,1979,
Zambia,1980,
Zambia,1981,
Zambia,1982,
Zambia,1983,
Zambia,1984,
Zambia,1985,
Zambia,1986,
Zambia,1987,
Zambia,1988,
Zambia,1989,
Zambia,1990,65.0
Zambia,1991,
Zambia,1992,
Zambia,1993,
Zambia,1994,
Zambia,1995,
Zambia,1996,
Zambia,1997,
Zambia,1998,
Zambia,1999,68.0
Zambia,2000,
Zambia,2001,
Zambia,2002,69.2
Zambia,2003,
Zambia,2004,
Zambia,2005,
Zambia,2006,
Zambia,2007,61.4
Zambia,2008,
Zambia,2009,
Zambia,2010,
Zambia,2011,
Zimbabwe,1975,
Zimbabwe,1976,
Zimbabwe,1977,
Zimbabwe,1978,
Zimbabwe,1979,
Zimbabwe,1980,
Zimbabwe,1981,
Zimbabwe,1982,77.8
Zimbabwe,1983,
Zimbabwe,1984,
Zimbabwe,1985,
Zimbabwe,1986,
Zimbabwe,1987,
Zimbabwe,1988,
Zimbabwe,1989,
Zimbabwe,1990,
Zimbabwe,1991,
Zimbabwe,1992,83.5
Zimbabwe,1993,
Zimbabwe,1994,
Zimbabwe,1995,
Zimbabwe,1996,
Zimbabwe,1997,
Zimbabwe,1998,
Zimbabwe,1999,
Zimbabwe,2000,
Zimbabwe,2001,
Zimbabwe,2002,
Zimbabwe,2003,
Zimbabwe,2004,
Zimbabwe,2005,
Zimbabwe,2006,
Zimbabwe,2007,
Zimbabwe,2008,
Zimbabwe,2009,
Zimbabwe,2010,
Zimbabwe,2011,83.6
